idx,formula,regime,er_measured,pred_formula,pred_gss,is_train,is_holdout
0,Ca0.8Sr0.2SnO3,III,8.5,23.544989,25.202463,True,False
1,CaTi0.53Al0.235Nb0.235O3,II,49.8,49.551746,,True,False
2,CaTi0.5Al0.25Nb0.25O3,II,48.0,47.624332,45.99235,True,False
3,CaTi0.4Al0.3Nb0.3O3,II,41.3,41.64692,40.100525,True,False
4,CaTi0.3Al0.35Nb0.35O3,II,36.8,36.522804,,True,False
5,CaTi0.7Al0.15Nb0.15O3,II,65.4,67.477135,,True,False
6,CaTi0.6Al0.2Nb0.2O3,II,54.3,56.02599,,True,False
7,CaTi0.53Al0.235Nb0.235O3,II,48.5,50.433224,48.026527,True,False
8,CaTi0.5Al0.25Nb0.25O3,II,48.1,47.398277,,True,False
9,CaTi0.4Al0.3Nb0.3O3,II,41.2,41.906616,40.001163,True,False
10,CaTi0.3Al0.35Nb0.35O3,II,36.4,36.827496,,True,False
11,CaTi0.7Al0.15Nb0.15O3,II,69.0,68.212746,,True,False
12,CaTi0.6Al0.2Nb0.2O3,II,56.6,56.576977,,True,False
13,CaTi0.53Al0.235Nb0.235O3,II,49.4,50.05209,47.94652,True,False
14,CaTi0.5Al0.25Nb0.25O3,II,48.0,47.591484,,True,False
15,CaTi0.4Al0.3Nb0.3O3,II,41.1,41.12083,,True,False
16,CaTi0.3Al0.35Nb0.35O3,II,36.4,35.97763,,True,False
17,Sm0.6Ca0.4Co0.3Ti0.7O3,III,37.0,33.193165,34.630623,True,False
18,Ca0.6Sr0.4Al0.3Nb0.3Ti0.4O3,Ib,37.2,45.360245,38.303673,True,False
19,Ca5Nb4TiO17,III,45.6,,,False,True
20,Ca4.9Zn0.1Nb4TiO17,III,40.3,44.323536,40.317955,True,False
21,Ca4.8Zn0.2Nb4TiO17,III,37.9,46.804306,38.962414,True,False
22,Ca4.7Zn0.3Nb4TiO17,III,45.8,46.496796,37.94511,True,False
23,Ca4.6Zn0.4Nb4TiO17,III,52.0,41.86444,37.108894,True,False
24,CaTi0.6Al0.2Nb0.2O3,II,55.7,55.516357,53.506966,True,False
25,CaTi0.7Al0.15Nb0.15O3,II,67.8,67.23562,63.37025,True,False
26,SrLa3Ti2NbO12,III,41.0,38.2438,32.8695,True,False
27,Sr2La2TiNb2O12,III,39.0,39.306194,30.743053,True,False
28,Ba2SrLaNb3O12,II,39.5,42.61756,41.26574,True,False
29,Ba.5Sr.5LaNb3O12,Ib,38.95,44.819206,,True,False
30,BaSr2LaNb3O12,III,37.1,37.71972,39.632984,True,False
31,Sr3LaNb3O12,III,35.8,36.83091,34.685135,True,False
32,BaLa0.5Nb0.5O3,III,45.0,44.70458,41.47755,True,False
33,BaPr0.5Nb0.5O3,III,44.5,44.003136,40.415756,True,False
34,BaNd0.5Nb0.5O3,III,44.0,41.903957,39.950375,True,False
35,BaSm0.5Nb0.5O3,II,43.0,41.556683,42.30061,True,False
36,BaEu0.5Nb0.5O3,II,40.0,40.628395,40.823,True,False
37,BaGd0.5Nb0.5O3,II,40.0,39.71289,39.30309,True,False
38,BaTb0.5Nb0.5O3,II,39.0,40.408512,40.142376,True,False
39,Ca5Nb2TiO12,III,48.0,,,False,True
40,BaDy0.5Nb0.5O3,II,38.9,39.617054,37.556374,True,False
41,BaY0.5Nb0.5O3,II,37.0,37.880295,37.83767,True,False
42,BaYb0.5Nb0.5O3,Ib,36.0,35.978424,,True,False
43,Ba8Ta4Ti3O23.5,Ib,40.0,46.854477,35.89431,True,False
44,Ba8Ta4.32Ti2.6O23.54,Ib,36.0,44.696068,34.72265,True,False
45,Ba8Ta4.64Ti2.2O23.58,Ib,44.0,34.704796,33.756897,True,False
46,Ba10Ta7.04Ti.2O29.88,Ib,35.0,35.063263,31.838825,True,False
47,Ba10Ta7.28Ti0.9O29.91,Ib,35.0,35.74581,32.330788,True,False
48,Ba10Ta7.52Ti0.6O29.94,Ib,34.0,35.057,32.03189,True,False
49,Ba5Ta4O15,Ib,28.0,29.098415,30.006271,True,False
50,Ba5Sr2Ta4ZrO21,Ib,27.0,31.823483,37.148273,True,False
51,Sr3LaNb3O12,III,36.0,35.22472,34.462074,True,False
52,BaHo0.5Nb0.5O3,II,38.0,39.33015,,True,False
53,Ca5Ta2TiO12,III,38.0,,,False,True
54,CaTi0.70Al0.15Ta0.15O3,II,65.4,65.65029,,True,False
55,CaTi0.60Al0.20Ta0.20O3,II,52.2,52.758747,,True,False
56,CaTi0.60Al0.20Ta0.20O3,II,52.3,52.483906,,True,False
57,CaTi0.60Al0.20Ta0.20O3,II,52.4,52.671288,49.499065,True,False
58,CaTi0.60Al0.20Ta0.20O3,II,52.0,52.266228,49.213306,True,False
59,CaTi0.54Al0.23Ta0.23O3,II,46.6,47.15963,44.656654,True,False
60,CaTi0.54Al0.23Ta0.23O3,II,46.7,46.846,44.487953,True,False
61,CaTi0.54Al0.23Ta0.23O3,II,46.8,46.778603,44.064568,True,False
62,CaTi0.54Al0.23Ta0.23O3,II,46.5,46.52953,43.64082,True,False
63,CaTi0.50Al0.25Ta0.25O3,II,41.4,44.662643,,True,False
64,CaTi0.70Al0.15Ta0.15O3,II,65.7,65.64233,61.089455,True,False
65,CaTi0.50Al0.25Ta0.25O3,II,41.5,43.785484,,True,False
66,Ca0.70Nd0.30Ti0.70Al0.30O3,II,43.5,,,False,True
67,Ca0.70La0.15Nd0.15Ti0.70Al0.30O3,II,41.5,43.362453,42.261345,True,False
68,Ca0.70La0.30Ti0.70Ga0.30O3,II,49.4,49.660328,,True,False
69,Ca0.70Nd0.30Ti0.70Ga0.15Al0.15O3,III,45.3,,,False,True
70,Ca0.70La0.30Ti0.70Ga0.15Al0.15O3,II,45.2,51.312817,,True,False
71,Ca0.70La0.15Nd0.15Ti0.70Ga0.15Al0.15O3,II,45.2,49.493824,,True,False
72,Ca0.67La0.165Nd0.165Ti0.67Ga0.33O3,III,44.7,45.73201,,True,False
73,Ca0.66La0.17Nd0.17Ti0.66Ga0.34O3,III,44.1,44.841507,,True,False
74,Ca0.64La0.18Nd0.18Ti0.64Ga0.36O3,III,43.6,43.468964,42.19099,True,False
75,Ca0.66La0.34Ti0.66Ga0.34O3,II,47.5,46.648632,,True,False
76,Ca0.64La0.36Ti0.64Ga0.36O3,II,46.5,45.025703,,True,False
77,Ba2.5Sr0.5LaNb3O12,Ib,41.86,42.83953,41.130302,True,False
78,CaTi0.70Al0.15Ta0.15O3,II,65.6,65.255104,60.95572,True,False
79,CaLa4Ti4O15,II,41.1,46.07286,,True,False
80,BaZn0.300Nb0.600Zr0.100O3,Ib,38.0,41.82738,,True,False
81,Ba0.80Sr0.20Zn0.313Ta0.627Ti0.060O3,Ib,42.0,36.337517,,True,False
82,Ba0.75Sr0.25Zn0.313Ta0.627Ti0.060O3,Ib,40.0,40.62101,,True,False
83,Ba4LaTiNb3O15,Ib,52.0,48.443214,49.15603,True,False
84,Ba4LaSnNb3O15,Ib,39.0,38.4851,39.719734,True,False
85,Ca0.65Sm0.315Nd0.035Ti0.65Al0.35O3,II,39.7,42.49111,42.157867,True,False
86,Ca0.25Sm0.675Nd0.075Ti0.25Al0.75O3,II,22.74,25.785503,25.770386,True,False
87,Ca0.35Sm0.585Nd0.065Ti0.35Al0.65O3,II,25.84,26.644922,28.256048,True,False
88,Ca0.45Sm0.495Nd0.055Ti0.45Al0.55O3,II,29.38,31.857529,33.225044,True,False
89,Ca0.55Sm0.405Nd0.045Ti0.55Al0.45O3,II,32.85,34.13125,36.412296,True,False
90,Ca0.75Sm0.225Nd0.025Ti0.75Al0.25O3,II,50.21,51.247753,47.61562,True,False
91,CaTi0.70Al0.15Ta0.15O3,II,65.5,65.022514,60.90329,True,False
92,Ca0.85Sm0.135Nd0.015Ti0.85Al0.15O3,II,69.2,68.89565,58.42865,True,False
93,Ca5Nb.5Ta0.5TiO12,III,46.0,,,False,True
94,Ca5NbTaTiO12,III,43.0,,,False,True
95,Ca5Nb0.5Ta.5TiO12,III,40.0,,,False,True
96,Ca5Ta2TiO12,III,38.0,,,False,True
97,BaZn0.333Co0.000Nb0.667O3,Ib,41.4,41.07705,38.993183,True,False
98,BaZn0.267Co0.067Nb0.667O3,Ib,40.1,37.569286,37.386314,True,False
99,BaZn0.200Co0.133Nb0.667O3,Ib,38.2,36.108772,,True,False
100,BaZn0.133Co0.200Nb0.667O3,Ib,35.8,35.506596,35.522125,True,False
101,BaZn0.067Co0.267Nb0.667O3,Ib,33.9,35.16689,35.107582,True,False
102,BaLa4Ti4O15,Ib,44.4,46.220528,,True,False
103,SrLa4Ti4O15,II,43.7,44.927307,43.48745,True,False
104,CaTi0.60Mg0.1333Nb0.2667O3,III,62.97,57.368202,58.19805,True,False
105,Ba3LaNb3O12,Ib,44.8,41.590736,,True,False
106,Pb0.40Ca0.60Fe0.495Nb0.495Zr0.01O3,II,68.4,71.288124,78.69059,True,False
107,LaAlO3,Ia,22.0,24.435204,24.019356,True,False
108,La0.75Sr0.25Al0.75Ti0.25O3,Ib,26.0,26.183828,30.76266,True,False
109,La0.55Sr0.45Al0.55Ti0.45O3,Ib,29.0,30.92188,35.58724,True,False
110,La0.50Sr0.50Al0.50Ti0.50O3,Ib,33.0,32.82141,37.899143,True,False
111,La0.45Sr0.55Al0.45Ti0.55O3,Ib,34.0,34.180447,40.526817,True,False
112,La0.40Sr0.60Al0.40Ti0.60O3,Ib,39.0,37.00112,47.032825,True,False
113,La0.25Sr0.75Al0.25Ti0.75O3,Ib,46.0,54.71763,74.239136,True,False
114,Ba0.99Zn0.10Co0.2333Nb0.6667O3,Ib,33.7,34.413017,,True,False
115,Ba0.993La0.0067Zn0.10Co0.2333Nb0.6667O3,Ib,34.0,35.59765,,True,False
116,LaZn0.5Ti0.5O3,III,34.0,32.26652,34.09793,True,False
117,Ba5Ta4O15,Ib,30.2,30.54447,32.25758,True,False
118,Ba4SrTa4O15,Ib,32.9,33.14747,,True,False
119,Ba3Sr2Ta4O15,Ib,34.3,33.254925,35.26899,True,False
120,Ba2Sr3Ta4O15,Ib,35.2,33.975746,,True,False
121,BaSr4Ta4O15,Ib,33.2,36.390278,,True,False
122,Sr5Ta4O15,II,43.5,41.08674,31.35406,True,False
123,Ba5NbTa3O15,Ib,31.7,29.230347,30.893398,True,False
124,Ba5Nb2Ta2O15,Ib,34.2,28.917618,32.5544,True,False
125,Ba5Nb3TaO15,Ib,37.2,31.50024,35.954903,True,False
126,Ba5Nb4O15,Ib,42.0,38.827927,38.911514,True,False
127,Sr5Nb2Ta2O15,II,34.3,,,False,True
128,Sr5Nb3TaO15,II,38.2,,,False,True
129,Li0.774Zr0.057NbO3,III,30.97,34.03028,25.912594,True,False
130,Li0.774Zr0.057NbO3,III,38.66,29.366436,25.912594,True,False
131,Li0.774Zr0.057NbO3,III,27.75,33.878986,25.686672,True,False
132,Li0.774Zr0.057NbO3,III,33.01,29.366436,25.912594,True,False
133,Ba6Nb4ZrO18,Ib,32.4,40.370716,45.368084,True,False
134,Ba6Ta4TiO18,Ib,29.3,33.89347,32.87439,True,False
135,Ba5SrNb4TiO18,Ib,50.8,47.834545,,True,False
136,Ba5SrNb4ZrO18,Ib,39.5,40.390694,44.027424,True,False
137,Ba5SrTa4TiO18,Ib,34.9,35.579346,34.762726,True,False
138,Sr6Nb4TiO18,Ib,46.2,,,False,True
139,BaZn0.333Ta0.667O3,Ib,29.5,29.872171,27.52219,True,False
140,BaZn0.333Ta0.667O3,Ib,29.6,29.345587,29.526638,True,False
141,BaZn0.333Ta0.667O3,Ib,28.4,29.201084,,True,False
142,BaZn0.333Ta0.667O3,Ib,30.2,28.872223,,True,False
143,NdCo0.5Ti0.5O3,III,27.0,26.021002,,True,False
144,Sr5Nb4O15,II,45.2,,,False,True
145,Nd0.9Sr0.1Co0.45Ti0.55O3,III,29.32,28.811398,28.6833,True,False
146,Ba2SrYNb3O12,Ib,34.1,44.960117,37.06745,True,False
147,BaSr2YNb3O12,II,34.7,37.841236,,True,False
148,Sr3YNb3O12,III,34.9,33.74439,36.743183,True,False
149,BaZn0.33Ta0.67O3,Ib,29.1,27.121008,28.878887,True,False
150,BaZn0.33Ta0.67O3,Ib,30.4,27.121008,28.878887,True,False
151,Sr0.1Ba0.9Ti0.1Zn0.3Ta0.6O3,Ib,33.7,32.468624,32.465225,True,False
152,BaMg0.333Nb0.667O3,Ib,31.2,32.30144,,True,False
153,BaMg0.333Nb0.667O3,Ib,31.5,31.93273,32.211246,True,False
154,BaMg0.333Nb0.667O3,Ib,31.0,32.30144,,True,False
155,BaZn0.25Ta0.50Ti0.33O3,Ib,31.5,41.736355,,True,False
156,BaSn0.226Zn0.255Nb0.515O3,Ib,32.0,34.004772,,True,False
157,Ba3YNb3O12,Ib,29.9,45.016083,39.48821,True,False
158,La0.680Al0.04Ti0.96O3,II,71.9,70.53868,66.81544,True,False
159,La0.687Al0.06Ti0.94O3,II,67.6,68.952896,63.664032,True,False
160,La0.693Al0.08Ti0.92O3,II,66.9,66.83711,61.181618,True,False
161,Ca4La2Ti4Mg0.333Nb0.667O17,III,59.3,44.122265,42.949944,True,False
162,Ca4La2Ti3Mg0.667Nb.333O17,III,49.21,39.765663,,True,False
163,Ca4La2Ti2.5Mg0.833Nb.667O17,III,44.36,45.827362,,True,False
164,Ca4La2Ti2MgNb2O17,III,40.45,41.711998,,True,False
165,Ca4La2TiMg.333Nb2.667O17,III,35.23,45.835472,,True,False
166,Pb0.55Ca0.45Fe0.475Nb0.475Zr0.05O3,II,108.5,98.28475,,True,False
167,Pb0.50Ca0.50Fe0.475Nb0.475Zr0.05O3,II,94.3,90.14948,92.83175,True,False
168,Pb0.45Ca0.55Fe0.475Nb0.475Zr0.05O3,II,81.2,83.197464,,True,False
169,Pb0.40Ca0.60Fe0.475Nb0.475Zr0.05O3,II,67.2,72.38659,78.47152,True,False
170,Ca4La2Ti5O17,II,71.86,67.0882,54.063854,True,False
171,Pb0.55Ca0.45Fe0.475Nb0.475Zr0.05O3,II,100.1,102.40234,,True,False
172,Pb0.45Ca0.55Fe0.475Nb0.475Zr0.05O3,II,86.8,82.64927,,True,False
173,Pb0.40Ca0.60Fe0.475Nb0.475Zr0.05O3,II,70.1,68.35032,,True,False
174,Pb0.60Ca0.40Fe0.495Nb0.495Zr0.01O3,II,126.7,121.64064,130.52446,True,False
175,Pb0.55Ca0.45Fe0.495Nb0.495Zr0.01O3,II,90.6,96.2928,,True,False
176,Pb0.50Ca0.50Fe0.495Nb0.495Zr0.01O3,II,86.3,92.437614,,True,False
177,Pb0.45Ca0.55Fe0.495Nb0.495Zr0.01O3,II,82.5,81.509476,86.36714,True,False
178,Pb0.40Ca0.60Fe0.495Nb0.495Zr0.01O3,II,68.7,72.91454,78.92993,True,False
179,Pb0.60Ca0.40Fe0.495Nb0.495Zr0.01O3,II,128.4,121.53664,,True,False
180,Pb0.55Ca0.45Fe0.495Nb0.495Zr0.01O3,II,97.1,98.36289,,True,False
181,Pb0.50Ca0.50Fe0.495Nb0.495Zr0.01O3,II,89.2,92.37992,92.82377,True,False
182,Pb0.45Ca0.55Fe0.495Nb0.495Zr0.01O3,II,85.3,81.952225,86.095215,True,False
183,Pb0.50Ca0.50Fe0.475Nb0.475Zr0.05O3,II,96.5,93.07012,,True,False
184,BaZn0.20Co0.133Nb0.667O3,Ib,35.5,33.326164,32.220848,True,False
185,BaCo0.233Zn0.100Nb0.667O3,Ib,34.5,33.523163,,True,False
186,La0.8Ti0.6Al0.4O3,Ia,38.7,37.77399,35.76842,True,False
187,La0.700Al0.10Ti0.90O3,II,62.6,61.015953,60.12138,True,False
188,La0.708Al0.125Ti0.875O3,II,60.7,59.873352,57.99888,True,False
189,La0.717Al0.15Ti0.85O3,II,57.7,57.65622,55.997314,True,False
190,La0.733Al0.20Ti0.80O3,II,53.9,53.704212,50.102406,True,False
191,La0.767Al0.30Ti0.70O3,II,44.9,45.314064,41.61605,True,False
192,La0.800Al0.40Ti0.60O3,Ia,39.6,37.792286,35.787857,True,False
193,La0.833Al0.50Ti0.50O3,Ia,34.4,33.9097,31.139761,True,False
194,La0.680Al0.04Ti0.96O3,II,70.4,70.55732,66.808266,True,False
195,La0.687Al0.06Ti0.94O3,II,68.0,69.14766,63.664032,True,False
196,La0.693Al0.08Ti0.92O3,II,66.7,67.203255,61.160725,True,False
197,La0.700Al0.10Ti0.90O3,II,65.3,61.861095,60.12138,True,False
198,BaCo0.333Nb0.667O3,Ib,32.0,33.754578,,True,False
199,La0.708Al0.125Ti0.875O3,II,60.8,60.310516,57.99888,True,False
200,La0.733Al0.20Ti0.80O3,II,53.1,54.428577,50.102406,True,False
201,La0.767Al0.30Ti0.70O3,II,46.3,44.623444,41.646748,True,False
202,La0.800Al0.40Ti0.60O3,Ia,40.0,37.38376,35.787857,True,False
203,La0.833Al0.50Ti0.50O3,Ia,36.6,33.9097,31.139761,True,False
204,La0.8Ti0.6Al0.4O3,Ia,29.4,37.84048,35.827637,True,False
205,La0.8Ti0.6Al0.4O3,Ia,34.2,38.0328,35.827637,True,False
206,La0.8Ti0.6Al0.4O3,Ia,35.1,37.796043,35.8076,True,False
207,La0.8Ti0.6Al0.4O3,Ia,38.7,37.81632,35.8076,True,False
208,La0.8Ti0.6Al0.4O3,Ia,39.6,37.792286,35.787857,True,False
209,La0.8Ti0.6Al0.4O3,Ia,40.0,37.785046,35.787857,True,False
210,La0.8Ti0.6Al0.4O3,Ia,38.3,37.36367,35.76842,True,False
211,La0.717Al0.15Ti0.85O3,II,54.4,56.84263,55.997314,True,False
212,Ba6Nb4TiO18,Ib,46.2,41.158394,47.24086,True,False
213,CaTi0.50Mg0.1667Nb0.3333O3,III,54.31,50.85752,,True,False
214,CaTi0.35Mg0.2167Nb0.4333O3,III,44.24,45.128002,45.215405,True,False
215,Ca0.45Li0.175Dy0.0667Nd0.2417TiO3,III,100.1,120.615295,,True,False
216,Ca0.45Li0.225Dy0.0333Nd0.2583TiO3,III,105.1,120.89323,115.28514,True,False
217,Ca0.30Li0.20Dy0.10Nd0.30TiO3,III,97.6,108.75549,114.35966,True,False
218,Ca0.20Li0.25Dy0.10Nd0.35TiO3,III,89.4,104.432274,110.40755,True,False
219,Ca0.40Li0.25Dy0.0333Nd0.2833TiO3,III,103.0,119.890945,,True,False
220,Ca0.10Li0.25Dy0.1333Nd0.3833TiO3,III,70.6,98.46963,,True,False
221,Ca0.5Pb0.5Zr0.95Ti0.05O3,III,72.0,73.18345,90.830444,True,False
222,Ca4La2Ti5O17,II,73.0,70.814,55.452686,True,False
223,Ca0.268Li0.165Sm0.433TiO3,III,95.5,92.940346,94.291214,True,False
224,Ca0.5Pb0.5Fe0.5Ta0.5O3,II,67.9,82.483574,88.45517,True,False
225,Ca0.5Pb0.5Fe0.5Ta0.5O3,II,79.6,77.01706,88.13291,True,False
226,Ca0.5Pb0.5Fe0.5Ta0.5O3,II,84.0,82.561424,87.801926,True,False
227,Ca0.5Pb0.5Fe0.5Ta0.5O3,II,83.9,77.788284,87.46202,True,False
228,Pb.0ZrO3,III,129.0,119.27319,125.77677,True,False
229,Ba0.05Pb0.95ZrO3,II,135.0,131.84079,144.10074,True,False
230,Pb0.90Sr0.10ZrO3,III,127.0,119.753235,123.09572,True,False
231,Pb0.50Sr0.50ZrO3,III,101.0,79.330025,113.04032,True,False
232,Pb0.40Sr0.60ZrO3,III,73.0,98.01595,112.43791,True,False
233,Pb0.95Ca0.05ZrO3,III,112.0,129.24666,124.45475,True,False
234,Pb0.70Ca0.30ZrO3,III,132.0,114.84419,,True,False
235,Ca0.45Li0.125Dy0.10Nd0.225TiO3,III,121.3,103.09792,114.31289,True,False
236,Ca0.20Li0.25La0.10Nd0.35TiO3,III,110.4,116.755455,,True,False
237,Ca0.30Li0.20La0.10Nd0.30TiO3,III,116.0,109.56106,,True,False
238,Ca0.40Li0.15La0.10Nd0.25TiO3,III,117.0,114.42993,,True,False
239,SrPr4Ti5O17,III,46.1,47.172142,33.50556,True,False
240,Ca0.68Nd0.08Sm0.20Ti0.80Al0.20O3,III,58.85,,,False,True
241,Ca0.4Li0.3Nd0.3TiO3,III,112.6,117.589905,115.6901,True,False
242,CaMg0.2Ta0.4Ti0.4O3,III,60.2,40.1543,,True,False
243,Ca0.6Pb0.4Fe0.5Ta0.5O3,II,62.0,60.722687,66.118546,True,False
244,Pb0.6Ca0.4Fe0.475Nb0.475Sn0.05O3,II,140.4,138.3529,,True,False
245,Pb0.5Ca0.5Fe0.475Nb0.475Sn0.05O3,II,102.8,98.58055,98.036835,True,False
246,Pb0.48Ca0.52Fe0.475Nb0.475Sn0.05O3,II,95.0,94.95134,95.093094,True,False
247,Pb0.46Ca0.54Fe0.475Nb0.475Sn0.05O3,II,90.6,91.037125,,True,False
248,Pb0.45Ca0.55Fe0.475Nb0.475Sn0.05O3,II,88.9,90.67225,90.40552,True,False
249,Pb0.4Ca0.6Fe0.475Nb0.475Sn0.05O3,II,81.0,76.45674,81.162224,True,False
250,Pb0.65Ca0.35ZrO3,III,118.0,121.1063,,True,False
251,Pb0.6Ca0.4Fe0.45Nb0.45Sn0.1O3,II,138.0,138.91,,True,False
252,Pb0.48Ca0.52Fe0.45Nb0.45Sn0.1O3,II,92.4,93.6908,91.65337,True,False
253,Pb0.46Ca0.54Fe0.45Nb0.45Sn0.1O3,II,86.7,86.63909,88.37041,True,False
254,Pb0.45Ca0.55Fe0.45Nb0.45Sn0.1O3,II,85.3,85.559105,,True,False
255,Pb0.4Ca0.6Fe0.45Nb0.45Sn0.1O3,II,71.1,76.74538,76.25559,True,False
256,Ca0.20Li0.34La0.04Nd0.38TiO3,III,132.6,108.48468,,True,False
257,Ca0.40Li0.24La0.04Nd0.28TiO3,III,136.4,119.635826,114.92637,True,False
258,Ca0.60Li0.14La0.04Nd0.18TiO3,III,142.0,123.04784,,True,False
259,Ca0.60Li0.15La0.0333Nd0.1833TiO3,III,128.2,131.74054,114.54108,True,False
260,Ca0.50Li0.20La0.0333Nd0.2333TiO3,III,123.0,125.872696,114.77673,True,False
261,Ca0.40Li0.25La0.0333Nd0.2833TiO3,III,121.3,120.46165,115.08388,True,False
262,Ca0.60Li0.05La0.10Nd0.15TiO3,III,117.0,121.569725,,True,False
263,Pb0.5Ca0.5Fe0.45Nb0.45Sn0.1O3,II,96.8,94.60216,,True,False
264,Pb0.63Ca0.37ZrO3,III,110.0,114.08653,113.191246,True,False
265,Pb0.60Ca0.40ZrO3,III,94.0,106.78562,,True,False
266,Pb0.50Ca0.50ZrO3,III,74.0,70.61708,,True,False
267,Ca0.20Sr0.80Ti0.20Mg0.2667Nb0.5333O3,II,45.0,44.657234,48.49685,True,False
268,Ca0.7Nd0.3Ti0.7Al0.3O3,II,44.0,,,False,True
269,BaTi0.50Ga0.25Nb0.25O3,Ib,86.0,74.62187,,True,False
270,BaTi0.40Ga0.30Nb0.30O3,Ib,66.0,66.706924,,True,False
271,BaTi0.30Ga0.35Nb0.35O3,Ib,47.0,50.984425,,True,False
272,Ba2La3Ti3NbO15,II,47.0,48.85359,,True,False
273,Ba3La3Ti4Nb2O18,Ib,47.44,51.624767,46.316032,True,False
274,Sr0.2Ca0.488Nd0.208Ti0.6Al0.5333O3,II,48.3,46.15011,39.00821,True,False
275,Pb0.4Ca0.6Fe0.5Ta0.5O3,II,62.0,61.45351,66.118546,True,False
276,Ca0.80Nd0.1333TiO3,III,119.0,,,False,True
277,Ca0.70Nd0.20TiO3,III,107.0,,,False,True
278,Ba3LaNb3O12,Ib,43.5,43.03706,,True,False
279,Ca0.61Nd0.26TiO3,III,98.0,,,False,True
280,Ca0.28Sm0.28Li0.15Nd0.15TiO3,III,98.0,98.21937,109.7949,True,False
281,Ca0.85Nd0.10TiO3,III,141.0,,,False,True
282,Ca0.73Nd0.18TiO3,III,117.0,,,False,True
283,Ca0.61Nd0.26TiO3,III,108.0,,,False,True
284,Ca0.50Nd0.3333TiO3,III,100.0,,,False,True
285,Ca0.40Nd0.40TiO3,III,99.0,,,False,True
286,Ca0.31Nd0.46TiO3,III,98.0,,,False,True
287,Ca0.22Nd0.52TiO3,III,102.0,,,False,True
288,Ca0.15Nd0.5667TiO3,III,94.0,,,False,True
289,Ca0.07Nd0.62TiO3,III,82.0,,,False,True
290,Ca0.58Nd0.28TiO3,III,93.0,,,False,True
291,SrLaPr3Ti5O17,II,50.0,58.2107,40.12142,True,False
292,Ba3LaNb3O12,Ib,43.6,44.327698,,True,False
293,Ba3LaNb3O12,Ib,43.8,42.488297,41.18092,True,False
294,Ca0.8Sm0.1333TiO3,III,119.0,124.629105,110.37343,True,False
295,Ca0.6Sm0.2667TiO3,III,101.0,104.5947,98.348404,True,False
296,Ca0.4Sm0.4TiO3,III,94.5,82.67819,73.055786,True,False
297,Ca0.70Nd0.20TiO3,III,112.96,,,False,True
298,Ca0.61Nd0.26TiO3,III,103.35,,,False,True
299,Ca0.52Nd0.32TiO3,III,100.08,,,False,True
300,Ca0.3Li0.35Sm0.35TiO3,III,114.0,113.06173,116.53721,True,False
301,Ca0.5Li0.25Sm0.25TiO3,III,130.5,121.333275,116.0116,True,False
302,Sr0.4Ce0.4TiO3,II,113.0,111.62398,95.77376,True,False
303,Ba3LaNb3O12,Ib,43.5,44.360973,41.197136,True,False
304,Sr0.5Ce0.3333TiO3,Ib,123.0,136.71484,81.51654,True,False
305,Sr0.625Ce0.25TiO3,Ib,143.0,135.61226,84.71853,True,False
306,La0.48Ca0.52Co0.24Ti0.76O3,III,45.0,46.91627,,True,False
307,Nd0.52Ca0.48Co0.26Ti0.74O3,III,43.0,37.645405,,True,False
308,Ba3LaNb3O12,Ib,43.9,42.509342,,True,False
309,Sr0.5714Ce0.2857TiO3,Ib,136.0,133.93095,83.32773,True,False
310,CaTi0.40Mg0.20Nb0.40O3,III,47.25,46.73873,,True,False
311,SrLa2Pr2Ti5O17,II,53.5,57.36205,41.678814,True,False
312,SrLa4Ti5O17,II,60.8,48.901962,37.864212,True,False
313,Ca3Ba2Nb2TiO12,Ib,66.0,50.672523,35.743004,True,False
314,Ca2Ba3Nb2TiO12,Ib,75.0,54.029785,30.45834,True,False
315,CaBa4Nb2TiO12,Ib,83.0,54.22746,30.782782,True,False
316,Ca3Ba2Ta2TiO12,Ib,48.0,66.321045,37.067757,True,False
317,Ca2Ba3Ta2TiO12,Ib,61.0,67.08074,32.43595,True,False
318,CaBa4Ta2TiO12,Ib,64.0,56.399,32.72291,True,False
319,Ba3LaNb3O12,Ib,48.3,43.29831,,True,False
320,Ba3LaNb3O12,Ib,44.2,44.609554,41.66377,True,False
321,Ba3La2Ti2Nb2O12,Ib,42.8,47.78611,,True,False
322,BaLa4Ti4O15,Ib,45.0,46.969448,,True,False
323,BaLa3.96Al0.44Ti4O15,Ib,44.0,43.592407,,True,False
324,BaPr0.3Bi0.2Nb0.5O3,II,60.7,53.569714,52.329674,True,False
325,BaSm0.3Bi0.2Nb0.5O3,II,50.8,52.37727,53.28351,True,False
326,BaGd0.3Bi0.2Nb0.5O3,II,47.9,49.056553,48.264877,True,False
327,BaDy0.3Bi0.2Nb0.5O3,II,48.6,48.98359,46.877174,True,False
328,BaY0.3Bi0.2Nb0.5O3,Ib,44.6,46.31199,47.06561,True,False
329,BaEr0.3Bi0.2Nb0.5O3,Ib,46.1,41.609062,,True,False
330,Ca0.5Nd0.5Zn0.25Ti0.75O3,III,45.0,,,False,True
331,Ba4NdTiNb3O15,Ib,38.15,45.111595,48.483505,True,False
332,Ba3Nd2Ti2Nb2O15,Ib,46.83,47.697292,46.836205,True,False
333,BaSrLa3Ti3NbO15,III,43.03,49.67566,,True,False
334,Ba.25Sr0.75La3Ti3NbO15,III,46.86,45.347324,,True,False
335,Ba.5Sr0.5La3Ti3NbO15,Ib,46.32,43.644424,,True,False
336,Ba.75Sr0.25La3Ti3NbO15,Ib,47.01,48.59384,,True,False
337,CaTi0.30Mg0.2333Nb0.4667O3,III,41.56,44.77538,,True,False
338,CaLa4Ti4O15,II,44.7,42.837555,41.452106,True,False
339,SrLa4Ti4O15,II,45.1,45.019142,45.96284,True,False
340,BaLa4Ti4O15,Ib,49.1,45.973007,46.519012,True,False
341,Ca2La4Ti5O18,II,49.3,40.706367,38.84621,True,False
342,CaLa4Ti5O17,II,55.2,53.831505,48.99612,True,False
343,CaLa8Ti9O31,II,54.9,52.98948,,True,False
344,BaZn0.3167Nb0.6333Zr0.05O3,Ib,42.0,39.1181,,True,False
345,Ca0.10Nd0.90Mg0.45Ti0.55O3,III,42.0,,,False,True
346,CaLa4Ti4O15,II,43.61,43.448727,,True,False
347,CaLa3.5Nd0.5Ti4O15,II,43.36,46.172985,42.468487,True,False
348,CaMg0.300Ta0.600Ti0.100O3,III,25.4,24.76588,,True,False
349,CaLa3NdTi4O15,II,43.1,41.899006,,True,False
350,Ba4LaTiTa3O15,Ib,41.1,41.36511,,True,False
351,Ba4LaTiTa3O15,Ib,41.4,40.19112,41.409447,True,False
352,Ba4LaTiTa3O15,Ib,42.3,41.381115,41.33668,True,False
353,Ba4LaTiTa3O15,Ib,42.1,41.949177,41.264236,True,False
354,Ba2La3Ti3NbO15,II,42.83,47.710167,45.631847,True,False
355,Ba3La2Ti2Nb2O15,Ib,49.37,45.4747,,True,False
356,Sr4LaTiNb3O15,III,41.1,42.906033,51.64621,True,False
357,Sr4LaTiNb3O15,III,42.2,43.05311,51.445366,True,False
358,Sr4LaTiNb3O15,III,43.3,41.63343,51.246117,True,False
359,Sr4LaTiNb3O15,III,43.1,42.565113,51.048447,True,False
360,Ba2La3Ti3NbO15,II,48.34,44.879242,43.733536,True,False
361,CaLa2Nd2Ti4O15,III,42.3,43.099506,43.049522,True,False
362,CaMg0.267Ta0.533Ti0.200O3,III,28.7,29.277872,,True,False
363,CaMg0.233Ta0.467Ti0.300O3,III,33.6,33.44994,,True,False
364,CaMg0.200Ta0.400Ti0.400O3,III,39.4,41.655174,,True,False
365,Sr0.2Ca0.488Nd0.208Ti0.76Al0.32O3,II,68.7,61.510143,46.929924,True,False
366,Sr0.2Ca0.488Nd0.208Ti0.68Al0.4267O3,II,57.5,50.26043,42.401756,True,False
367,Ba3LiTa3Ti5O21,Ib,49.4,,,False,True
368,Ba3LiNb3Ti5O21,Ib,54.9,,,False,True
369,Pb0.2Ca0.15La0.5Mg0.5Nb0.5O3,III,50.0,28.27396,,True,False
370,La0.66Ni0.01TiO3,II,51.4,51.412727,74.33147,True,False
371,La0.6533Ni0.02TiO3,II,63.3,63.4398,74.300476,True,False
372,La0.6467Ni0.03TiO3,II,69.4,64.606224,72.426346,True,False
373,La0.6333Ni0.05TiO3,II,59.6,63.39922,68.48929,True,False
374,La0.6167Ni0.075TiO3,II,58.0,61.43755,64.812096,True,False
375,La0.5667Ni0.15TiO3,II,53.3,52.974476,57.321503,True,False
376,Sr0.2Ca0.488Nd0.208Ti0.84Al0.2133O3,II,80.1,79.25615,54.13209,True,False
377,La0.5333Ni0.2TiO3,II,50.7,51.303963,53.37699,True,False
378,La4Ti9O24,II,37.0,51.77854,39.877716,True,False
379,Nd2Ti2O7,III,36.0,45.975185,,True,False
380,Nd4Ti9O24,III,37.5,51.69397,,True,False
381,Pb0.2Ca.0667Nb0.5333Ti0.2O3,III,51.67,66.022415,41.712265,True,False
382,Na0.15La0.15Li0.35Sm0.35TiO3,III,117.0,120.84578,108.60887,True,False
383,CaFe0.27Nb0.27Ti0.46O3,III,60.0,56.09771,48.62548,True,False
384,CaAl0.23Ta0.23Ti0.54O3,II,47.0,50.95015,,True,False
385,CaZn0.2333Nb0.4667Ti0.3O3,III,51.0,43.989143,43.72245,True,False
386,Ca0.58La0.21Na0.21Fe0.29Nb0.29Ti0.42O3,III,58.9,53.883873,50.97691,True,False
387,CaMg0.22Nb0.44Ti0.34O3,III,43.9,48.12436,,True,False
388,Ca0.6La0.2Na0.2Mg0.2Nb0.4Ti0.4O3,III,52.3,53.814857,,True,False
389,La2Ti2O7,II,47.0,36.379356,39.068947,True,False
390,SrLa3PrTi5O17,II,57.0,57.681236,42.07511,True,False
391,CaMg0.3333Nb0.6667O3,III,28.0,26.027506,,True,False
392,CaTi0.34Mg0.22Nb0.44O3,III,48.0,45.2977,,True,False
393,CaMg0.183Ta0.367Ti0.450O3,III,45.1,47.76115,,True,False
394,CaMg0.167Ta0.333Ti0.500O3,III,47.8,52.30796,,True,False
395,CaMg0.133Ta0.267Ti0.600O3,III,59.9,60.38313,,True,False
396,CaMg0.100Ta0.200Ti0.700O3,III,73.1,87.070984,,True,False
397,CaMg0.067Ta0.133Ti0.800O3,III,95.0,113.61259,,True,False
398,CaMg0.033Ta0.067Ti0.900O3,III,121.7,112.42643,,True,False
399,Ba0.8Sr0.2La4Ti4O15,Ib,46.8,47.56317,,True,False
400,Ba0.6Sr0.4La4Ti4O15,Ib,45.7,45.46615,46.818226,True,False
401,Ba0.4Sr0.6La4Ti4O15,II,45.4,47.552296,,True,False
402,Ba0.2Sr0.8La4Ti4O15,II,46.1,58.115948,53.304054,True,False
403,Ba0.8Ca0.2La4Ti4O15,Ib,47.7,47.24433,44.718132,True,False
404,CaTi0.2Mg0.2667Nb0.5333O3,III,36.0,38.253624,38.67424,True,False
405,Ba0.6Ca0.4La4Ti4O15,II,48.9,45.77177,44.710377,True,False
406,Ba0.2Ca0.8La4Ti4O15,II,49.5,44.50327,43.485516,True,False
407,Ba0.2Sr0.8La4Ti4O15,II,40.8,47.43813,,True,False
408,Ba0.2Sr0.8La4Ti4.20O15,II,46.4,46.102283,44.70437,True,False
409,SrGa0.5Nb0.5O3,Ib,33.4,36.07316,,True,False
410,SrGa0.45Nb0.45Ti0.1O3,Ib,36.6,36.394997,,True,False
411,SrGa0.4Nb0.4Ti0.2O3,Ib,40.4,41.159153,,True,False
412,SrGa0.35Nb0.35Ti0.3O3,Ib,46.6,45.254017,,True,False
413,CaTi0.8Mg0.0667Nb0.1333O3,III,109.0,107.63402,105.53188,True,False
414,CaTi0.6Mg0.1333Nb0.2667O3,III,68.0,66.93805,,True,False
415,CaTi0.4Mg0.2Nb0.4O3,III,54.0,47.267452,49.246315,True,False
416,Ba0.4Ca0.6La4Ti4O15,II,48.9,45.591526,44.068615,True,False
417,La6ZnTi5O18,III,40.8,45.715813,47.32798,True,False
418,Sr2La4Ti5O18,II,48.0,44.698093,45.332935,True,False
419,CaLi0.3Nb0.6Sn0.1O3,III,25.2,23.195164,33.15142,True,False
420,CaLi0.2833Nb0.5667Sn0.15O3,III,24.8,22.665588,,True,False
421,CaLi0.2667Nb0.5333Sn0.2O3,III,23.3,24.560152,,True,False
422,CaLi0.2333Nb0.4667Sn0.3O3,III,22.6,24.329433,19.146582,True,False
423,CaLi0.3Nb0.6Sn0.1O3,III,25.4,24.669083,,True,False
424,CaLi0.2833Nb0.5667Sn0.15O3,III,24.9,24.495768,28.205685,True,False
425,CaLi0.2667Nb0.5333Sn0.2O3,III,23.9,25.687582,,True,False
426,CaLi0.2333Nb0.4667Sn0.3O3,III,23.5,24.206762,18.936188,True,False
427,CaLa0.5Nb0.5O3,III,23.3,22.83144,25.779108,True,False
428,CaPr0.5Nb0.5O3,III,24.2,25.740137,,True,False
429,CaNd0.5Nb0.5O3,III,24.5,,,False,True
430,CaSm0.5Nb0.5O3,III,24.7,26.587734,26.207687,True,False
431,CaEu0.5Nb0.5O3,III,25.0,27.456158,25.895422,True,False
432,CaGd0.5Nb0.5O3,III,25.5,27.365992,,True,False
433,CaTb0.5Nb0.5O3,III,26.5,26.60044,26.363445,True,False
434,CaDy0.5Nb0.5O3,III,32.0,28.75625,25.779053,True,False
435,CaHo0.5Nb0.5O3,III,31.4,28.903072,,True,False
436,CaY0.5Nb0.5O3,III,31.0,29.671228,28.436047,True,False
437,CaEr0.5Nb0.5O3,III,30.5,29.721415,,True,False
438,CaYb0.5Nb0.5O3,III,30.0,30.308655,,True,False
439,CaIn0.5Nb0.5O3,III,29.6,,,False,True
440,Ba2CaWO6,Ia,22.8,40.153534,51.189926,True,False
441,Ba2Ca0.975Sr0.025WO6,Ia,23.9,28.394733,57.25821,True,False
442,CaLi0.3333Nb0.6667O3,III,29.6,22.24834,37.176968,True,False
443,CaLi0.1667Nb0.3333Ti0.5O3,III,55.2,42.266186,,True,False
444,CaLi0.2333Nb0.4667Ti0.3O3,III,44.7,42.848866,,True,False
445,CaLi0.2667Nb0.5333Ti0.2O3,III,38.6,41.59518,45.105038,True,False
446,La0.5Na0.5Mg0.5W0.5O3,III,20.76,,,False,True
447,La0.5Na0.5Mg0.5W0.5O3,III,18.6,,,False,True
448,Ca5Nb2Ti0.2Zr0.8O12,III,34.0,,,False,True
449,Ca5Ta2Ti0.7Zr0.3O12,III,36.0,,,False,True
450,Nd2Sn2O7,III,17.0,,,False,True
451,NdMg0.5Sn0.4Ti0.1O3,III,21.1,19.993786,18.240738,True,False
452,BaTi0.6Zn0.2W0.2O3,Ib,71.2,53.283306,,True,False
453,BaTi0.5Zn0.25W0.25O3,Ib,25.4,25.233713,,True,False
454,BaTi0.45Zn0.275W0.275O3,Ib,22.9,23.109795,,True,False
455,BaTi0.4Zn0.3W0.3O3,Ib,21.2,22.984476,,True,False
456,BaTi0.35Zn0.325W0.325O3,Ib,22.1,21.722347,,True,False
457,Ba2Ca0.95Sr0.05WO6,Ia,24.0,55.24978,94.089615,True,False
458,BaTi0.3Zn0.35W0.35O3,Ib,26.4,25.572788,,True,False
459,BaTi0.1Zn0.45W0.45O3,Ib,33.0,28.143269,,True,False
460,BaHfO3,Ia,24.1,27.430378,26.0428,True,False
461,SrHfO3,III,23.5,22.58923,23.394213,True,False
462,CaHfO3,III,21.4,20.042105,21.846945,True,False
463,YMg0.5Ti0.5O3,III,22.0,23.322216,,True,False
464,La.6667MgTaO6,III,22.5,51.095142,30.165094,True,False
465,CaLi0.2333Nb0.4667Sn0.3O3,III,22.6,14.903334,,True,False
466,CaLa0.5Ta0.5O3,III,23.0,22.047033,,True,False
467,CaLi0.333Nb0.667O3,III,29.6,25.540009,40.60336,True,False
468,CaLi0.3167Nb0.6333Ti0.05O3,III,32.4,40.458813,46.282784,True,False
469,CaLi0.3Nb0.6Ti0.1O3,III,34.6,37.515076,44.281944,True,False
470,BaTi0.2Zn0.4W0.4O3,Ib,31.4,26.498413,,True,False
471,Ba2Ca0.9Sr0.1WO6,Ia,23.5,23.90553,43.09791,True,False
472,Ba2Ca0.75Sr0.25WO6,Ia,23.4,20.835886,43.6314,True,False
473,Ba2Ca0.5Sr0.5WO6,Ia,23.3,22.54158,44.107887,True,False
474,BaZn0.1667Co0.1667Ta0.2222Nb0.2222Sb0.2222O3,Ib,24.9,23.626772,25.935648,True,False
475,Ba0.5Sr0.5Zn0.1667Co0.1667Ta0.2222Nb0.2222Sb0.2222O3,Ib,26.3,25.702185,29.42808,True,False
476,LaCo0.5Ti0.5O3,III,30.0,27.578217,31.765833,True,False
477,CaGa0.5Ta0.5O3,III,25.0,25.17847,,True,False
478,LaCo0.5Ti0.5O3,III,25.0,30.736004,31.738764,True,False
479,La0.9Al0.9Sr0.1Ti0.1O3,Ib,25.1,23.209341,22.866533,True,False
480,Ba4LiTa2SbO12,Ib,25.1,,,False,True
481,SmCo0.5Ti0.5O3,III,25.5,27.960855,,True,False
482,BaZn0.3333Ta0.3333Nb0.3333O3,Ib,34.2,32.103363,,True,False
483,Sr5Nb0.5Ta3.5O15,II,34.9,,,False,True
484,Sr5Nb0.75Ta3.25O15,II,34.3,,,False,True
485,Sr5NbTa3O15,II,33.2,,,False,True
486,Sr5Nb.5Ta2.5O15,II,34.5,,,False,True
487,La0.5333Na0.4Mg0.5W0.5O3,III,20.35,,,False,True
488,BaZn0.3333Ta0.6667O3,Ib,29.8,28.944061,,True,False
489,LaMg0.667Ta0.333O3,III,25.1,23.08945,19.311337,True,False
490,Ba2Ca0.25Sr0.75WO6,Ia,23.7,21.227203,44.15678,True,False
491,Ba2Ca0.1Sr0.9WO6,Ia,23.3,18.510336,76.23021,True,False
492,Ba2SrWO6,Ia,23.5,40.890938,,True,False
493,CaZrO3,III,23.8,28.744516,44.66776,True,False
494,BaTi0.39Co0.305W0.305O3,Ib,18.0,18.777939,,True,False
495,BaMg0.3267Nb0.6533Mn0.02O3,Ib,32.0,32.961426,37.72931,True,False
496,BaMg0.3299Ta0.6601Mn0.01O3,Ib,25.0,24.633852,,True,False
497,BaZn0.3333Nb0.6667O3,Ib,41.0,39.11361,,True,False
498,BaZn0.3299Ta0.6601Mn0.01O3,Ib,30.0,29.373621,,True,False
499,LaMg0.667Ta0.333O3,III,24.7,23.119446,19.299442,True,False
500,BaMn0.3333Nb0.6667O3,Ib,39.0,35.574596,33.137108,True,False
501,SrMg0.3267Nb0.6533Mn0.02O3,II,33.0,,,False,True
502,SrZn0.3333Nb0.6667O3,II,40.0,,,False,True
503,BaMg0.3333Ta0.6667O3,Ib,24.0,25.024633,23.157404,True,False
504,BaMg0.3167Ta0.6333Sn0.05O3,Ib,24.4,25.370657,,True,False
505,BaMg0.3Ta0.6Sn0.1O3,Ib,24.3,25.111942,25.981064,True,False
506,BaMg0.2833Ta0.5667Sn0.15O3,Ib,24.0,24.98552,,True,False
507,BaTi0.6Ni0.2W0.2O3,Ib,29.8,32.861687,,True,False
508,BaTi0.55Ni0.225W0.225O3,Ib,26.5,25.268215,,True,False
509,BaTi0.5Ni0.25W0.25O3,Ib,24.2,23.788803,,True,False
510,BaTi0.45Ni0.275W0.275O3,Ib,21.6,21.960049,,True,False
511,BaTi0.4Ni0.3W0.3O3,Ib,20.0,20.038704,,True,False
512,BaMn0.3333Ta0.6667O3,Ib,22.0,31.520758,35.445488,True,False
513,La0.5333Na0.4Mg0.5W0.5O3,III,21.1,,,False,True
514,La0.5667Na0.3Mg0.5W0.5O3,III,20.9,,,False,True
515,PrAlO3,Ia,23.2,23.01328,22.128376,True,False
516,ErAlO3,III,16.3,17.856274,16.511438,True,False
517,DyAlO3,III,17.6,17.496332,17.242317,True,False
518,GdAlO3,III,18.4,18.811777,18.70692,True,False
519,SmAlO3,III,20.4,19.757227,18.835659,True,False
520,YAlO3,III,15.7,17.253664,,True,False
521,Ba.8Sr0.2SmSbO6,Ia,16.0,29.164164,,True,False
522,Sr2SmSbO6,II,16.0,27.351278,38.966118,True,False
523,Ba2SmSbO6,Ia,20.7,9.601135,23.354637,True,False
524,Ca5Ta2HfO12,III,17.0,,,False,True
525,Ba2CoWO6,Ia,19.3,17.3754,,True,False
526,Ba2NiWO6,Ia,18.1,19.598019,20.719185,True,False
527,Ba2ZnWO6,Ia,29.1,19.675446,22.081394,True,False
528,Sr2CoWO6,II,21.2,19.672445,20.58745,True,False
529,Sr2NiWO6,II,18.3,22.856434,22.852217,True,False
530,Sr2ZnWO6,II,27.5,,,False,True
531,BaZn0.5W0.5O3,Ia,19.0,24.987474,23.083073,True,False
532,Ba0.99Zn0.5W0.5O2.99,Ia,23.0,23.721432,22.641375,True,False
533,LaAlO3,Ia,23.4,23.443653,23.32844,True,False
534,NdAlO3,II,22.3,20.11525,19.671986,True,False
535,BaMg0.3333W0.3333Ti0.3333O3,Ib,15.4,15.336621,16.413523,True,False
536,BaTi0.39Co0.305W0.305O3,Ib,18.0,19.275038,,True,False
537,La6MgTi5O18,III,40.2,39.953285,40.601288,True,False
538,BaMg0.5W0.5O3,Ia,16.7,18.942678,,True,False
539,BaMg0.46W0.46Ti0.08O3,Ib,19.6,19.323017,,True,False
540,BaMg0.42W0.42Ti0.16O3,Ib,16.6,14.11291,,True,False
541,BaMg0.36W0.36Ti0.28O3,Ib,12.3,16.71971,20.970516,True,False
542,BaMg0.3333W0.3333Ti0.3333O3,Ib,13.1,15.961101,16.409973,True,False
543,BaMg0.32W0.32Ti0.36O3,Ib,13.5,17.062893,22.560091,True,False
544,BaMg0.30W0.30Ti0.40O3,Ib,16.7,17.427036,24.109455,True,False
545,BaMg0.28W0.28Ti0.44O3,Ib,21.8,23.076588,31.828619,True,False
546,BaMg0.25W0.25Ti0.50O3,Ib,31.2,33.484703,,True,False
547,BaMg0.20W0.20Ti0.60O3,Ib,63.9,59.12843,,True,False
548,Ba0.98Zn0.5W0.5O2.98,Ia,24.0,24.124247,,True,False
549,BaMg0.33W0.35Ti0.32O3.02,Ib,16.3,16.20963,16.905666,True,False
550,BaMg0.34W0.35Ti0.31O3.01,Ib,17.1,15.405757,,True,False
551,BaMg0.34W0.32Ti0.34O2.98,Ib,14.4,14.917223,15.841684,True,False
552,BaMg0.34W0.33Ti0.33O2.99,Ib,15.1,15.585399,16.008753,True,False
553,BaMg0.35W0.34Ti0.31O2.99,Ib,15.4,15.201193,15.689173,True,False
554,BaMg0.35W0.33Ti0.32O2.98,Ib,14.4,15.146704,15.5219755,True,False
555,BaMg0.34W0.32Ti0.34O2.98,Ib,14.5,15.658971,,True,False
556,BaMg0.34W0.32Ti0.34O2.98,Ib,14.8,15.706652,,True,False
557,BaMg0.32W0.28Ti0.40O3,Ib,18.1,17.720257,17.081465,True,False
558,BaMg0.32W0.26Ti0.42O3,Ib,21.5,21.986816,,True,False
559,BaMg0.32W0.25Ti0.43O3,Ib,24.0,19.46869,29.719717,True,False
560,BaMg0.33W0.34Ti0.33O3.01,Ib,15.6,15.606222,,True,False
561,Ba0.95Zn0.5W0.5O2.95,Ia,21.0,21.38264,,True,False
562,BaZn0.49W0.5O2.995,Ia,20.0,22.095505,22.93374,True,False
563,BaZn0.45W0.5O2.9975,Ia,22.5,22.709276,22.644138,True,False
564,NdMg0.4Zn0.1Sn0.5O3,III,19.5,19.198128,17.14844,True,False
565,NdMg0.4Zn0.1Sn0.5O3,III,19.3,19.172003,17.153652,True,False
566,Sr3ZnNb2O9,II,20.69,,,False,True
567,Sr3Zn0.75Mg0.25Nb2O9,II,19.96,,,False,True
568,Sr3Zn0.5Mg0.5Nb2O9,II,23.31,,,False,True
569,Sr3Zn0.25Mg0.75Nb2O9,II,21.55,,,False,True
570,SrYb0.5Ta0.5O3,III,14.1,26.515497,,True,False
571,BaMg0.5W0.5O3,Ia,20.0,18.224655,,True,False
572,LaMg0.5Sn0.5O3,III,19.5,21.17417,18.603159,True,False
573,LaMg0.5Sn0.5O3,III,19.7,20.514301,18.592148,True,False
574,LaMg0.5Sn0.5O3,III,20.1,20.898663,18.581306,True,False
575,LaMg0.43Ba0.07Sn0.5O3,III,20.1,20.49487,16.945919,True,False
576,LaMg0.4Ca0.1Sn0.5O3,III,20.2,26.550821,9.314017,True,False
577,La0.6667Mg0.5W0.5O3,III,23.6,18.30112,15.036511,True,False
578,La0.6333Na0.1Mg0.5W0.5O3,III,22.6,,,False,True
579,La0.6333Na0.1Mg0.5W0.5O3,III,21.9,,,False,True
580,La0.6Na0.2Mg0.5W0.5O3,III,22.6,,,False,True
581,La0.5667Na0.3Mg0.5W0.5O3,III,22.88,,,False,True
582,La0.5667Na0.3Mg0.5W0.5O3,III,20.96,,,False,True
583,BaMg0.49Y0.0133W0.4967O3,Ia,20.0,19.75594,19.09805,True,False
584,La0.5333Na0.4Mg0.5W0.5O3,III,22.06,,,False,True
585,SrSm0.5Ta0.5O3,III,27.7,27.740732,28.119604,True,False
586,SrLa0.5Ta0.5O3,III,27.1,30.793936,30.760818,True,False
587,Ca0.97La0.02Mg0.5W0.5O3,III,19.0,24.697865,22.04272,True,False
588,Ba0.94La0.04Mg0.5W0.5O3,Ia,20.0,19.722898,,True,False
589,NdMg0.47Ba0.03Sn0.5O3,III,19.4,20.17958,17.240082,True,False
590,NdMg0.45Co0.05Sn0.5O3,III,19.2,18.748209,17.080029,True,False
591,NdMg0.5Sn0.5O3,III,19.3,19.544165,16.73798,True,False
592,BaLa0.5Nb0.5O3,III,37.4,39.57124,,True,False
593,BaNd0.5Nb0.5O3,III,41.9,38.81114,37.16635,True,False
594,BaSm0.5Nb0.5O3,II,39.7,38.317833,39.637897,True,False
595,BaYb0.5Nb0.5O3,Ib,28.3,32.34222,,True,False
596,BaLa0.5Ta0.5O3,III,27.1,37.247295,35.96749,True,False
597,BaNd0.5Ta0.5O3,III,36.0,36.562202,32.533825,True,False
598,SrNd0.5Ta0.5O3,III,27.1,29.800415,28.738941,True,False
599,BaSm0.5Ta0.5O3,II,34.3,33.788254,34.174458,True,False
600,CaNd0.5Nb0.5O3,III,20.0,,,False,True
601,CaSm0.5Nb0.5O3,III,20.9,22.610577,24.319641,True,False
602,CaYb0.5Nb0.5O3,III,27.0,22.958118,,True,False
603,CaLa0.5Ta0.5O3,III,19.5,20.982166,22.72636,True,False
604,CaNd0.5Ta0.5O3,III,20.0,,,False,True
605,CaSm0.5Ta0.5O3,III,19.6,21.05029,22.006153,True,False
606,CaYb0.5Ta0.5O3,III,21.1,22.50897,,True,False
607,SrLa0.5Nb0.5O3,III,27.5,35.75158,33.44167,True,False
608,SrNd0.5Nb0.5O3,III,29.7,34.320274,32.33268,True,False
609,SrSm0.5Nb0.5O3,III,31.8,33.251755,31.794504,True,False
610,SrYb0.5Nb0.5O3,III,29.4,25.51392,,True,False
611,BaYb0.5Ta0.5O3,Ib,22.1,28.975452,,True,False
612,NdMg0.5Ti0.5O3,III,26.0,25.907948,25.841457,True,False
613,CaLa0.5Nb0.5O3,III,20.6,19.937029,24.632679,True,False
614,BaMg0.3Ta0.6Ti0.1O3,Ib,26.3,26.777323,26.719885,True,False
615,Ca0.375Mg0.25Nb0.25Ti0.125O3,III,38.0,28.991589,,True,False
616,Ca0.25Mg0.375Nb0.25Ti0.125O3,III,31.0,25.593525,,True,False
617,Ca0.125Mg0.5Nb0.25Ti0.125O3,III,23.0,23.3066,,True,False
618,Ca0.375Mg0.25Nb0.25Ti0.125O3,III,26.0,36.821465,,True,False
619,Ca0.25Mg0.375Nb0.25Ti0.125O3,III,23.0,30.474743,,True,False
620,Ca0.125Mg0.5Nb0.25Ti0.125O3,III,20.0,23.483103,,True,False
621,Ca0.375Ni0.25Nb0.25Ti0.125O3,III,35.0,33.978565,,True,False
622,Ca0.25Ni0.375Nb0.25Ti0.125O3,III,30.0,28.432705,,True,False
623,Ca0.125Ni0.5Nb0.25Ti0.125O3,III,26.0,23.45636,,True,False
624,Ca0.25Co0.375Nb0.25Ti0.125O3,III,29.0,25.945868,,True,False
625,Ca0.125Co0.5Nb0.25Ti0.125O3,III,12.0,21.83653,,True,False
626,Ca0.375Mg0.25Ta0.25Ti0.125O3,III,30.0,26.418316,,True,False
627,Ca0.25Mg0.375Ta0.25Ti0.125O3,III,26.0,22.745472,,True,False
628,Ca0.125Mg0.5Ta0.25Ti0.125O3,III,20.0,19.627468,,True,False
629,Ca0.375Zn0.25Ta0.25Ti0.125O3,III,17.0,29.022821,25.68595,True,False
630,Ca0.25Zn0.375Ta0.25Ti0.125O3,III,13.0,23.391037,21.652308,True,False
631,Ca0.125Zn0.5Ta0.25Ti0.125O3,III,10.0,18.878574,17.88068,True,False
632,Ca0.375Co0.25Nb0.25Ti0.125O3,III,32.0,31.889914,,True,False
633,Ca0.375Ni0.25Ta0.25Ti0.125O3,III,29.0,30.498377,,True,False
634,SrPr0.5Nb0.5O3,III,37.5,36.319878,33.3385,True,False
635,SrNd0.5Nb0.5O3,III,36.9,34.066757,31.90245,True,False
636,SrSm0.5Nb0.5O3,III,35.8,35.335365,33.409374,True,False
637,SrEu0.5Nb0.5O3,III,34.7,33.240654,,True,False
638,SrGd0.5Nb0.5O3,III,34.3,34.433765,32.930866,True,False
639,SrTb0.5Nb0.5O3,III,33.7,33.781517,,True,False
640,SrDy0.5Nb0.5O3,III,33.0,30.991344,,True,False
641,SrHo0.5Nb0.5O3,III,32.3,32.409187,33.89247,True,False
642,SrY0.5Nb0.5O3,III,32.2,31.767094,32.14162,True,False
643,SrEr0.5Nb0.5O3,III,32.2,30.294346,,True,False
644,SrYb0.5Nb0.5O3,III,30.7,28.759287,,True,False
645,SrIn0.5Nb0.5O3,III,26.0,25.270254,30.272593,True,False
646,SrFe0.5Nb0.5O3,II,44.9,44.359646,32.388145,True,False
647,SrCr0.5Nb0.5O3,Ib,35.3,33.9655,29.633615,True,False
648,SrAl0.5Nb0.5O3,Ib,30.5,29.767319,28.507557,True,False
649,SrLa0.5Nb0.5O3,III,36.6,34.68934,33.863373,True,False
650,Ca0.25Ni0.375Ta0.25Ti0.125O3,III,26.0,25.914326,,True,False
651,CaZn0.333Ta0.667O3,III,25.0,24.90531,22.492514,True,False
652,BaNi0.5Ta0.5O3,Ib,23.0,23.113916,22.72527,True,False
653,BaCo0.5Ta0.5O3,Ib,25.0,25.336086,,True,False
654,BaMg0.5Ta0.5O3,Ib,25.0,21.86841,23.673428,True,False
655,BaZn0.5Ta0.5O3,Ib,29.0,28.397314,,True,False
656,BaCa0.5Ta0.5O3,Ib,30.0,29.64425,22.151867,True,False
657,SrNi0.5Ta0.5O3,II,23.0,27.193848,29.361807,True,False
658,SrCo0.5Ta0.5O3,III,23.0,24.277983,24.465868,True,False
659,SrMg0.5Ta0.5O3,II,22.0,,,False,True
660,SrZn0.5Ta0.5O3,III,28.0,,,False,True
661,SrCa0.5Ta0.5O3,II,22.0,30.989325,29.093863,True,False
662,CaCu0.333Ta0.667O3,III,23.0,23.585579,25.506863,True,False
663,Mg0.93Ca0.07TiO3,III,22.15,,,False,True
664,SrSm0.5Ta0.5O3,III,30.5,35.997093,30.403698,True,False
665,SrSm0.5Ta0.5O3,III,31.6,35.14712,30.403698,True,False
666,SrSm0.5Ta0.5O3,III,32.1,35.229065,30.389734,True,False
667,SrSm0.5Ta0.5O3,III,36.0,33.94536,30.375515,True,False
668,SrSm0.5Ta0.5O3,III,39.0,36.192726,30.346302,True,False
669,SrSm0.5Ta0.5O3,III,42.0,37.7578,30.316065,True,False
670,SrSm0.5Ta0.5O3,III,45.0,36.33081,30.300564,True,False
671,SrSm0.5Ta0.5O3,III,48.5,34.273914,30.284817,True,False
672,Ba3Co.07Nb2O9.07,Ib,26.0,27.512737,,True,False
673,SrSm0.5Ta0.5O3,III,49.6,36.46103,30.25257,True,False
674,Ca0.3Li0.14Sm0.42TiO3,III,92.12,95.52507,,True,False
675,Ca0.125Ni0.5Ta0.25Ti0.125O3,III,23.0,21.104713,,True,False
676,CaNi0.333Ta0.667O3,III,22.0,24.530096,,True,False
677,CaAl0.333Ta0.667O3,II,22.0,26.485638,,True,False
678,Ca0.375Co0.25Ta0.25Ti0.125O3,III,28.0,28.769867,,True,False
679,Ca0.25Co0.375Ta0.25Ti0.125O3,III,24.0,23.385809,,True,False
680,Ca0.125Co0.5Ta0.25Ti0.125O3,III,20.0,18.594448,,True,False
681,Ca5Nb2Ti0.4Hf0.6O12,III,32.0,,,False,True
682,Ca5Ta2Ti0.6Hf0.4O12,III,34.0,,,False,True
683,Ba8ZnNb6O24,Ib,36.2,37.916378,,True,False
684,Ba8ZnNb5.7Sb0.3O24,Ib,33.6,31.960297,,True,False
685,Ba8ZnNb5.4Sb0.6O24,Ib,33.6,31.310156,32.150322,True,False
686,Ba8ZnNb5.1Sb0.9O24,Ib,31.0,27.34379,30.123205,True,False
687,Ba8ZnNb4.8Sb.2O24,Ib,29.4,26.852865,,True,False
688,CaCo0.333Ta0.667O3,III,23.0,25.329784,,True,False
689,Ba8ZnNb4.5Sb.5O24,Ib,25.9,28.658829,28.49737,True,False
690,Ba8ZnNb3.6Sb2.4O24,Ib,17.4,22.598246,,True,False
691,CaAl0.5Nb0.5O3,II,25.0,21.956127,,True,False
692,CaFe0.5Nb0.5O3,III,40.0,29.642206,24.275011,True,False
693,CaAl0.333Nb0.667O3,II,28.0,29.83027,,True,False
694,CaCo0.333Nb0.667O3,III,29.0,26.79957,,True,False
695,CaNi0.333Nb0.667O3,III,26.0,33.846756,,True,False
696,CaCu0.333Nb0.667O3,III,27.0,34.204754,31.109726,True,False
697,CaZn0.333Nb0.667O3,III,35.0,25.908566,25.108078,True,False
698,CaAl0.5Ta0.5O3,II,20.0,22.15821,,True,False
699,CaFe0.5Ta0.5O3,III,32.0,28.03487,24.242573,True,False
700,CaMg0.333Ta0.667O3,III,21.0,22.11566,,True,False
701,Ba8ZnNb4.2Sb.8O24,Ib,19.9,27.939535,27.891739,True,False
702,SrCr0.5Nb0.5O3,Ib,35.1,32.665222,29.769114,True,False
703,CaMg0.333Nb0.667O3,III,28.0,29.2683,,True,False
704,SrAl0.5Nb0.5O3,Ib,30.0,30.736603,28.46001,True,False
705,CaAl0.421Nb0.421Ti0.158O3,II,29.1,29.110668,,True,False
706,CaAl0.375Nb0.375Ti0.25O3,II,32.2,32.33495,,True,False
707,CaAl0.335Nb0.335Ti0.33O3,II,35.1,34.898018,,True,False
708,CaAl0.25Nb0.25Ti0.5O3,II,45.3,45.453957,,True,False
709,CaAl0.2355Nb0.2355Ti0.529O3,II,44.9,47.629345,,True,False
710,CaAl0.125Nb0.125Ti0.75O3,II,75.4,69.49422,,True,False
711,Ba0.1La0.9Mg0.45Ti0.55O3,III,30.9,35.654118,34.143898,True,False
712,Ba0.3La0.7Mg0.35Ti0.65O3,II,42.5,50.541077,49.20104,True,False
713,Ba0.5La0.5Mg0.25Ti0.75O3,Ib,60.9,54.433968,,True,False
714,Ba0.7La0.3Mg0.15Ti0.85O3,Ib,105.8,95.13751,,True,False
715,LiBa4Nb3O12,Ib,37.0,26.220257,35.30132,True,False
716,CaAl0.4505Nb0.4505Ti0.099O3,II,27.0,26.547009,,True,False
717,LiBa4Nb2TaO12,Ib,34.0,48.373432,46.828773,True,False
718,LiBa4Ta3O12,Ib,28.0,37.858963,40.757362,True,False
719,BaLa0.5Ta0.5O3,III,37.1,35.813824,,True,False
720,BaNd0.5Ta0.5O3,III,38.7,37.62539,33.833572,True,False
721,BaSm0.5Ta0.5O3,II,37.6,36.23266,36.413063,True,False
722,BaEu0.5Ta0.5O3,II,36.5,36.20045,36.2028,True,False
723,BaGd0.5Ta0.5O3,II,36.0,35.599586,34.7357,True,False
724,BaTb0.5Ta0.5O3,II,35.5,34.421165,35.37577,True,False
725,BaDy0.5Ta0.5O3,II,34.0,35.522133,34.473557,True,False
726,BaHo0.5Ta0.5O3,II,33.5,33.835365,,True,False
727,BaY0.5Ta0.5O3,II,33.0,34.680134,32.786682,True,False
728,BaYb0.5Ta0.5O3,Ib,32.0,26.251413,,True,False
729,LiBa4NbTa2O12,Ib,30.0,48.9622,48.41849,True,False
730,BaNi0.0658Zr0.0125Zn0.2633Ta0.6583O3,Ib,28.3,28.260075,27.641575,True,False
731,CaAl0.4735Nb0.4735Ti0.053O3,II,23.8,26.59043,,True,False
732,LaMg0.667Nb0.333O3,III,26.8,23.188824,20.194988,True,False
733,SrGa0.5Ta0.5O3,Ib,27.0,35.178886,,True,False
734,SrFe0.5Nb0.5O3,II,44.9,45.14289,32.34391,True,False
735,BaMn0.333Ta0.667O3,Ib,27.0,27.03744,36.02943,True,False
736,BaMn0.3333Ta0.6667O3,Ib,27.0,27.423462,36.020924,True,False
737,BaMg0.2333Ta0.4667Co0.1Nb0.2O3,Ib,27.0,26.336807,,True,False
738,CaZr0.2Ti0.8O3,III,141.0,114.88413,89.51708,True,False
739,CaZr0.3Ti0.7O3,III,138.0,111.6953,74.324394,True,False
740,CaZr0.4Ti0.6O3,III,98.0,99.50035,69.2593,True,False
741,CaAl0.5Nb0.5O3,II,23.6,27.273407,,True,False
742,CaZr0.5Ti0.5O3,III,59.0,61.887867,64.62138,True,False
743,CaZr0.7Ti0.3O3,III,38.0,32.793247,57.4839,True,False
744,CaZr0.8Ti0.2O3,III,28.0,36.578075,54.273663,True,False
745,CaZr0.9Ti0.1O3,III,42.0,32.84188,44.879734,True,False
746,CaZrO3,III,27.0,26.409367,44.876186,True,False
747,LaMg0.5Ti0.5O3,III,27.6,29.205475,27.10401,True,False
748,La0.9Ca0.1Mg0.45Ti0.55O3,III,29.8,30.639069,,True,False
749,La0.7Ca0.3Mg0.35Ti0.65O3,III,37.2,33.954468,,True,False
750,La0.3Ca0.7Mg0.15Ti0.85O3,III,51.2,58.34535,,True,False
751,La0.3Ca0.7Mg0.15Ti0.85O3,III,58.8,53.00651,,True,False
752,La0.1Ca0.9Mg0.05Ti0.95O3,III,90.4,101.872925,,True,False
753,La0.1Ca0.9Mg0.05Ti0.95O3,III,102.5,88.88053,,True,False
754,CaZr0.6Ti0.4O3,III,50.0,41.66149,60.8597,True,False
755,BaNi0.0542Zr0.0215Zn0.2720Ta0.6523O3,Ib,28.4,28.668268,27.819294,True,False
756,La0.5Ca0.5Mg0.25Ti0.75O3,III,43.2,41.484097,,True,False
757,BaNi0.0242Zr0.0425Zn0.2950Ta0.6383O3,Ib,30.2,29.026585,28.393488,True,False
758,SrPr0.5Ta0.5O3,III,32.0,27.259327,30.996414,True,False
759,SrNd0.5Ta0.5O3,III,31.5,34.58509,33.31306,True,False
760,SrEu0.5Ta0.5O3,III,30.0,35.11753,,True,False
761,SrGd0.5Ta0.5O3,III,29.5,35.024376,29.732447,True,False
762,SrTb0.5Ta0.5O3,III,28.8,32.091404,,True,False
763,SrDy0.5Ta0.5O3,III,28.2,33.385994,,True,False
764,SrHo0.5Ta0.5O3,III,27.7,32.8946,32.03183,True,False
765,SrY0.5Ta0.5O3,III,27.5,28.26293,28.096405,True,False
766,SrEr0.5Ta0.5O3,III,27.1,32.15859,,True,False
767,SrYb0.5Ta0.5O3,III,25.9,26.842434,,True,False
768,SrLa0.5Ta0.5O3,III,31.2,27.601435,30.806234,True,False
769,SrPr0.5Nb0.5O3,III,36.7,35.52297,33.329887,True,False
770,SrSm0.5Nb0.5O3,III,35.5,36.78217,33.41388,True,False
771,SrEu0.5Nb0.5O3,III,34.3,36.126698,,True,False
772,SrGd0.5Nb0.5O3,III,33.5,36.14988,32.938663,True,False
773,SrTb0.5Nb0.5O3,III,32.3,33.320045,,True,False
774,SrDy0.5Nb0.5O3,III,31.2,32.08654,,True,False
775,SrHo0.5Nb0.5O3,III,30.6,33.38151,34.395203,True,False
776,SrY0.5Nb0.5O3,III,30.7,32.999107,32.72379,True,False
777,SrIn0.5Nb0.5O3,III,25.0,24.832766,30.294083,True,False
778,BaNi0.0417Zr0.0300Zn0.2817Ta0.6467O3,Ib,29.6,29.05869,28.03719,True,False
779,SrEr0.5Nb0.5O3,III,31.1,31.696692,,True,False
780,SrYb0.5Nb0.5O3,III,29.3,30.14655,,True,False
781,SrNd0.5Nb0.5O3,III,36.5,35.15635,32.098137,True,False
782,SmZn0.5Ti0.5O3,III,31.0,28.882498,28.62416,True,False
783,SrLa0.5Nb0.5O3,III,36.0,35.05127,33.84435,True,False
784,Sm0.95Ca0.04Sr0.01Mg0.475Ti0.525O3,III,26.6,27.017405,27.3812,True,False
785,La5Mg0.5Ti3.5O15,II,36.2,36.910225,35.10642,True,False
786,La5Zn0.5Ti3.5O15,II,37.71,37.830765,38.03432,True,False
787,La5AlTi3O15,II,32.98,32.606236,33.97235,True,False
788,BaLi0.3889Nb0.5W0.2O3,Ib,31.0,,,False,True
789,BaNi0.0125Zr0.0500Zn0.3042Ta0.6333O3,Ib,30.1,28.788357,28.682842,True,False
790,Pb0.16La0.56Mg0.5W0.5O3,III,28.7,28.073486,29.927084,True,False
791,Ba0.95Sr0.05Zn0.475Ga0.025Ta0.6583O3,Ib,29.0,32.929558,35.06717,True,False
792,BaZr0.0125Zn0.2633Ni0.0658Ta0.6583O3,Ib,28.2,28.107101,,True,False
793,BaZr0.0215Zn0.2720Ni0.0542Ta0.6523O3,Ib,28.7,27.763592,,True,False
794,BaZr0.0300Zn0.2817Ni0.0417Ta0.6467O3,Ib,29.3,30.711853,,True,False
795,BaZr0.0500Zn0.3042Ni0.0125Ta0.6333O3,Ib,30.7,31.291962,,True,False
796,LaMg0.35Zn0.15Ti0.5O3,III,29.0,31.758877,30.744495,True,False
797,La0.2Ca0.64Sm0.1067Mg0.1Ti0.9O3,III,72.41,65.82295,,True,False
798,BaZr0.0425Zn0.2950Ni0.0242Ta0.6383O3,Ib,29.7,28.531382,,True,False
799,La0.45Ca0.44Sm0.0733Mg0.225Ti0.775O3,III,47.83,47.880787,,True,False
800,La0.6Ca0.32Sm0.0533Mg0.3Ti0.7O3,III,40.05,39.36552,,True,False
801,Sm0.8Ca0.16Sr0.04Mg0.4Ti0.6O3,III,30.1,28.153585,30.589802,True,False
802,La0.8Ca0.16Sm0.0267Mg0.4Ti0.6O3,III,33.56,33.692497,,True,False
803,BaZr0.05Zn0.32Ta0.63O3,Ib,30.0,28.943521,,True,False
804,Sm0.65Ca0.28Sr0.07Mg0.325Ti0.675O3,III,31.4,33.895405,35.0136,True,False
805,Sm0.5Ca0.4Sr0.1Mg0.25Ti0.75O3,III,38.7,39.82737,43.81628,True,False
806,La0.4Ca0.48Sm0.0800Mg0.2Ti0.8O3,III,50.58,50.30817,,True,False
807,LaZn0.5Ti0.5O3,III,30.0,33.783554,34.14982,True,False
808,CaSr4Ta2TiO12,II,45.0,42.98048,30.799128,True,False
809,Ba0.7La0.3Zn0.4333Nb0.5667O3,Ib,44.7,43.234283,,True,False
810,CaLi0.2333Nb0.4667Ti0.3O3,III,44.7,38.555874,45.20315,True,False
811,SrFe0.5Nb0.5O3,II,44.9,45.279755,32.892075,True,False
812,La0.7667Ti0.7Al0.3O3,II,44.9,44.112022,42.12372,True,False
813,Ca0.7Ti0.7Nd0.3Al0.3O3,II,45.0,45.570244,,True,False
814,Ca0.7Ti0.7Sm0.3Al0.3O3,II,45.0,44.078224,,True,False
815,BaLa0.5Nb0.5O3,III,45.0,39.602825,37.593136,True,False
816,Ca0.6Ti0.6La0.4Ga0.4O3,II,45.0,45.979416,,True,False
817,Ca0.2Ti0.2Sr0.8Mg0.2667Nb0.5333O3,II,45.0,45.477074,50.21024,True,False
818,BaSr4Nb4O15,Ib,45.0,49.7846,,True,False
819,BaY0.3Bi0.2Nb0.5O3,Ib,44.6,45.952423,47.790924,True,False
820,SrFe0.5Nb0.5O3,II,45.0,45.077866,32.80016,True,False
821,Ca0.73Ti0.73Nd0.27Al0.27O3,II,45.0,49.461914,47.301754,True,False
822,BaPr0.5Nb0.5O3,III,44.5,42.613953,39.503563,True,False
823,Sr5Ta4O15,II,43.5,41.72888,31.29274,True,False
824,Ba2La2TiNb2O12,II,44.2,45.37504,44.226875,True,False
825,Ba6Nb4TiO18,Ib,43.0,42.066883,46.29537,True,False
826,Sr4LaTiNb3O15,III,43.0,52.069878,58.47425,True,False
827,Ca0.65Ti0.65Sm0.35Ga0.35O3,III,45.0,45.766716,,True,False
828,Ba2La3Ti3NbO15,II,42.8,46.36335,45.973522,True,False
829,Sr6Nb4TiO18,Ib,43.0,,,False,True
830,BaLa4Ti4O15,Ib,44.4,45.65266,46.253895,True,False
831,CaLa3.5Nd0.5Ti4O15,II,43.4,43.169643,41.76835,True,False
832,CaLa4Ti4O15,II,43.6,42.828148,,True,False
833,Ca0.7Nd0.3Ti0.7Al0.3O3,II,43.7,,,False,True
834,Ba0.65La0.35Zn0.45Nb0.55O3,Ib,43.8,43.05072,42.18406,True,False
835,Ca2Sr3Ta2TiO12,II,44.0,44.484253,31.482838,True,False
836,BaNd0.5Nb0.5O3,III,44.0,41.768223,39.26886,True,False
837,Ca0.66La0.34Ti0.66Al0.34O3,II,44.0,45.762207,42.915417,True,False
838,Ca0.6Nd0.4Ti0.6Ga0.4O3,III,44.0,,,False,True
839,Ba3LaNb3O12,Ib,43.5,34.671654,41.715412,True,False
840,BaGd0.3Bi0.2Nb0.5O3,II,47.9,51.152977,48.39598,True,False
841,La0.48Co0.24Ti0.76Ca0.52O3,III,45.0,48.318043,47.234318,True,False
842,Ba0.6Ca0.4La4Ti4O15,II,47.7,46.36457,44.961494,True,False
843,Ba5SrNb4TiO18,Ib,47.9,50.417152,50.04646,True,False
844,Ca0.65Ti0.65La0.35Ga0.35O3,II,48.0,46.800697,,True,False
845,Ba4SrNb4O15,Ib,48.0,46.072838,,True,False
846,CaTi0.34Mg0.22Nb0.44O3,III,48.0,46.314884,51.124516,True,False
847,CaLa8Ti9O31,II,48.6,53.48822,,True,False
848,BaDy0.3Bi0.2Nb0.5O3,II,48.6,47.44767,47.42222,True,False
849,Ca0.64Ti0.64La0.36Ga0.36O3,II,48.7,47.52151,45.403156,True,False
850,BaLa3Ti2NbO12,III,42.4,39.089302,,True,False
851,Ca0.7Ti0.7Nd0.3Ga0.3O3,III,49.0,48.652466,,True,False
852,Ca0.65Ti0.65Nd0.35Ga0.35O3,III,45.0,44.572918,,True,False
853,Ba0.57Sr0.38La3.8Ti4.15O13.1,Ib,47.4,53.35662,46.733204,True,False
854,CaTi0.4Mg0.2Nb0.4O3,III,47.3,51.39157,53.976677,True,False
855,Nd0.5Zn0.25Ti0.75Ca0.5O3,III,45.0,,,False,True
856,BaMn0.5Ti0.5O3,Ib,45.0,35.172688,35.795246,True,False
857,Ca0.71Ti0.71Nd0.29Al0.29O3,II,45.1,46.03976,,True,False
858,CaMg0.1833Ta0.3667Ti0.45O3,III,45.1,55.985382,,True,False
859,BaEr0.3Bi0.2Nb0.5O3,Ib,46.1,42.570164,,True,False
860,BaLa4Ti4O15,Ib,46.3,46.097435,46.24499,True,False
861,Ba0.2Sr0.8La4Ti4.2O15,II,46.4,45.960487,43.328423,True,False
862,Ba3La3Ti4NbO18,II,47.4,48.540707,,True,False
863,Ba.25Sr0.75La3Ti3NbO15,III,46.8,36.969116,,True,False
864,Ba0.5Ca0.5Sc0.5Nb0.5O3,II,46.9,44.250813,44.586445,True,False
865,Ca0.65Ti0.65La0.35Ga0.35O3,II,47.0,47.364788,,True,False
866,Ba.25Sr0.75La3Ti3NbO15,III,47.0,36.969116,46.19166,True,False
867,Ba.75Sr0.25La3Ti3NbO15,Ib,47.0,35.78756,41.65873,True,False
868,SrGa0.35Nb0.35Ti0.3O3,Ib,46.6,44.458492,,True,False
869,Ba0.95La0.05Zn0.35Nb0.65O3,Ib,42.4,41.433037,41.97714,True,False
870,Ba4LaTiTa3O15,Ib,42.3,41.160835,,True,False
871,CaZr0.7Ti0.3O3,III,38.0,40.97402,53.040283,True,False
872,BaSm0.5Ta0.5O3,II,38.0,37.44794,38.74636,True,False
873,BaHo0.5Nb0.5O3,II,38.0,37.412106,,True,False
874,SrPr0.5Nb0.5O3,III,38.0,35.53181,33.432056,True,False
875,CaLi0.2667Nb0.5333Ti0.2O3,III,38.6,43.68523,,True,False
876,CaFe0.5Nb0.5O3,III,38.6,38.66771,24.74886,True,False
877,BaEu0.5Ta0.5O3,II,38.8,36.542973,35.26465,True,False
878,BaDy0.5Nb0.5O3,II,38.9,37.852676,36.952908,True,False
879,Ba.5Sr.5LaNb3O12,Ib,38.9,49.37768,42.911278,True,False
880,Ba3.0Zn0.993Nb.986W0.014O9,Ib,39.0,29.03562,24.576227,True,False
881,BaTb0.5Nb0.5O3,II,39.0,38.494503,40.449074,True,False
882,Ca4SrTa2TiO12,III,39.0,39.317566,38.487328,True,False
883,Sr2La2TiNb2O12,III,39.0,36.13268,30.287024,True,False
884,BaDy0.5Ta0.5O3,II,39.1,35.901066,34.21387,True,False
885,La6ZnTi4O18,III,37.7,33.668716,35.354465,True,False
886,Ba5SrNb4ZrO18,Ib,37.6,37.190006,43.11709,True,False
887,BaSm0.5Ta0.5O3,II,37.6,37.155434,37.10523,True,False
888,BaCo0.3Y0.05Nb0.65O3,Ib,37.0,39.032143,,True,False
889,Ca0.35La0.65Ti0.35Al0.65O3,Ia,37.0,31.464273,,True,False
890,Ca0.66Ti0.66La0.17Nd0.17Ga0.34O3,III,49.0,47.500122,44.98428,True,False
891,BaY0.5Nb0.5O3,II,37.0,38.249157,37.470238,True,False
892,Ca4.18Co0.82Nb2TiO12,III,37.0,34.879158,,True,False
893,Ca4.85Zn0.15Ta2TiO12,III,37.0,43.858067,38.758728,True,False
894,Ca4.82Mg0.18Ta2TiO12,III,37.0,43.74952,,True,False
895,Sr2La4Ti5O18,II,39.2,48.76191,47.42688,True,False
896,Ca0.6Nd0.4Ti0.6Al0.4O3,II,37.2,,,False,True
897,BaIn0.5Ta0.5O3,Ib,37.2,33.010796,,True,False
898,BaY0.5Ta0.5O3,II,37.3,35.774803,34.56816,True,False
899,Ca0.6Sr0.5Al0.3Nb0.3Ti0.5O3.3,Ib,37.3,32.61581,37.217995,True,False
900,BaLa0.5Nb0.5O3,III,37.4,45.16329,,True,False
901,Ba4LiNb3O12,Ib,37.0,,,False,True
902,Sr0.92Li0.23Nb0.69Ti0.08O3,III,42.3,35.402767,,True,False
903,Ba3LaTa3O12,Ib,39.4,46.667046,,True,False
904,BaZn0.25Ti0.25Ta0.5O3,Ib,39.6,36.23066,33.582886,True,False
905,BaZn0.3333Nb0.6667O3,Ib,41.1,37.93637,,True,False
906,CaTi0.5Al0.25Ta0.25O3,II,41.4,45.35032,41.885635,True,False
907,BaNd0.5Nb0.5O3,III,41.9,42.3554,39.431007,True,False
908,Ca0.67Nd0.33Ti0.67Al0.33O3,II,42.0,,,False,True
909,Ca4.38Ni0.62Nb2TiO12,III,42.0,36.199226,,True,False
910,BaZn0.3167Nb0.6333Zr0.05O3,Ib,42.0,40.494225,38.95001,True,False
911,Ca3Sr2Ta2TiO12,II,42.0,42.539024,40.385643,True,False
912,Ba0.8Sr0.2Zn0.3133Ta0.6267Ti0.06O3,Ib,42.0,37.691162,,True,False
913,Ca0.1Nd0.9Mg0.45Ti0.55O3,III,42.0,,,False,True
914,CaZr0.9Ti0.1O3,III,42.0,32.67482,43.743195,True,False
915,La0.4Sr0.6Al0.4Ti0.6O3,Ib,42.1,43.468407,45.344322,True,False
916,CaLa2Nd2Ti4O15,III,42.3,42.18021,,True,False
917,CaLa0.5Nd0.5Ti4O15,III,42.3,49.242905,41.19276,True,False
918,CaLa4Ti4O15,II,41.1,41.678997,40.693317,True,False
919,Sr5Ta4O15,II,41.0,40.925453,31.298359,True,False
920,Ca0.65Sm0.35Ti0.65Al0.35O3,II,41.0,40.405293,42.07887,True,False
921,Ba0.75Sr0.25Zn0.3133Ta0.6267Ti0.06O3,Ib,40.0,40.364876,,True,False
922,BaHo0.5Ta0.5O3,II,39.6,35.76109,,True,False
923,BaSm0.5Nb0.5O3,II,39.7,41.64091,42.711685,True,False
924,BaYb0.5Ta0.5O3,Ib,39.7,31.27468,,True,False
925,Ca0.65Ti0.65Sm0.315Nd0.035Al0.35O3,II,39.7,41.26465,42.339294,True,False
926,BaGd0.5Nb0.5O3,II,40.0,39.69947,37.698425,True,False
927,Ba2SrLaNb3O12,II,39.5,39.370377,41.854713,True,False
928,BaEu0.5Nb0.5O3,II,40.0,38.942024,38.75927,True,False
929,Sr5Nb4O15,II,40.0,,,False,True
930,CaFe0.5Nb0.5O3,III,40.0,38.132442,25.946766,True,False
931,BaZn0.2667Co0.0667Nb0.6667O3,Ib,40.0,39.580803,37.143394,True,False
932,BaZn0.3333Nb0.6667O3,Ib,40.0,39.507603,,True,False
933,Ba0.3Sr0.7Zn0.3333Nb0.6667O3,Ib,40.0,44.192547,44.38224,True,False
934,Ba8Ta4Ti3O24,Ib,40.0,38.274315,36.02214,True,False
935,Ca4ZnNb2TiO12,III,40.0,37.47991,36.053635,True,False
936,Ba3LiTa3Ti5O21,Ib,49.4,,,False,True
937,Ca0.3355Nd0.7255Li0.225TiO3,III,101.0,,,False,True
938,Pb0.6Ca0.4ZrO3,III,94.0,112.920334,113.108215,True,False
939,Pb0.48Ca0.52Fe0.475Nb0.475Sn0.05O3,II,94.3,94.10985,,True,False
940,Ca0.4Sm0.4TiO3,III,94.5,93.85022,83.32832,True,False
941,Ca0.268Sm0.268Ti0.67Li0.165Sm0.165Ti0.33O3,III,95.5,95.80508,93.656334,True,False
942,Ca0.56Sm0.56Ti0.7Li0.15Nd0.15Ti0.3O3,III,98.0,38.99241,64.6407,True,False
943,Ca0.28Sm0.28Ti0.7Li0.15Nd0.15Ti0.3O3,III,99.0,99.99425,110.35557,True,False
944,Ca0.4Nd0.4TiO3,III,99.0,,,False,True
945,Pb0.5Ca0.5Fe0.45Nb0.45Sn0.1O3,II,99.6,98.33516,,True,False
946,Ca0.6Sm0.2667TiO3,III,101.0,107.895996,102.803635,True,False
947,Pb0.5Ca0.5Fe0.475Nb0.475Sn0.05O3,II,102.0,97.91558,,True,False
948,Ca0.9La0.1Mg0.05Ti0.95O3,III,102.5,87.513565,104.50745,True,False
949,Ca0.61Nd0.26TiO3,III,103.0,,,False,True
950,Ca0.3La0.1333Li0.25Nd0.25TiO3,III,105.0,119.14801,,True,False
951,Ca0.61Nd0.26TiO3,III,108.0,,,False,True
952,Pb0.48Ca0.52Fe0.45Nb0.45Sn0.1O3,II,93.6,91.436806,,True,False
953,Pb0.45Ca0.55Fe0.5Nb0.5O3,II,92.6,80.24144,94.32436,True,False
954,Pb0.5Ca0.5Fe0.5Ta0.5O3,II,83.9,76.61208,,True,False
955,Pb0.45Ca0.55Fe0.45Nb0.45Sn0.1O3,II,85.0,91.096695,99.54444,True,False
956,Pb0.45Ca0.55Fe0.45Nb0.45Zr0.1O3,II,85.0,90.74155,96.49122,True,False
957,BaTi0.5Ga0.25Nb0.25O3,Ib,86.0,61.03062,,True,False
958,Pb0.45Ca0.55Fe0.475Nb0.475Sn0.05O3,II,86.3,90.6086,,True,False
959,Ca0.6La0.2667TiO3,II,109.0,111.79967,110.32689,True,False
960,Pb0.5Ca0.5Fe0.495Nb0.495Zr0.01O3,II,86.3,95.99435,,True,False
961,Ca0.9Sm0.1Mg0.05Ti0.95O3,III,87.0,96.78935,102.705666,True,False
962,Pb0.45Ca0.55Fe0.475Nb0.475Zr0.05O3,II,87.0,84.568855,,True,False
963,Pb0.46Ca0.54Fe0.45Nb0.45Sn0.1O3,II,87.8,85.374344,88.16411,True,False
964,Pb0.46Ca0.54Fe0.475Nb0.475Sn0.05O3,II,88.2,90.3183,91.7778,True,False
965,Ca0.9La0.1Mg0.05Ti0.95O3,III,90.4,94.01943,,True,False
966,Pb0.46Ca0.46La0.08Fe0.5Nb0.5O3,II,90.8,94.92671,,True,False
967,Pb0.45Ca0.55Fe0.45Nb0.45Sn0.1O3,II,86.7,86.877174,86.4626,True,False
968,Pb0.45Ca0.55Fe0.25Nb0.48Ta0.02O3,II,82.0,78.97436,,True,False
969,Pb0.63Ca0.37ZrO3,III,110.0,105.25777,114.20884,True,False
970,Ca0.16Sm0.16Li0.3Nd0.3TiO3,III,110.0,99.46784,112.54071,True,False
971,Ca0.2Li0.34Nd0.38La0.04TiO3,III,132.6,121.727394,114.40395,True,False
972,Sr4Ce2Ti7O22,Ib,133.0,136.26309,31.696133,True,False
973,Sr0.8Ca0.2TiO3,Ib,133.9,147.33554,91.706184,True,False
974,Sr0.571Ce0.286TiO3,Ib,136.0,147.08688,92.33281,True,False
975,Ca0.4Li0.24Nd0.28La0.04TiO3,III,136.4,123.4666,,True,False
976,CaZr0.3Ti0.7O3,III,138.0,129.01999,76.38735,True,False
977,Pb0.6Ca0.4Fe0.475Nb0.475Sn0.05O3,II,139.4,140.36081,133.97365,True,False
978,Pb0.6Zr0.6Ca0.4Fe0.2Nb0.2O3,III,140.7,116.68523,118.90227,True,False
979,Ca0.85Nd0.1TiO3,III,141.0,,,False,True
980,CaZr0.2Ti0.8O3,III,141.0,135.74107,88.006454,True,False
981,Ca0.73Nd0.18TiO3,III,141.0,,,False,True
982,Ca0.6Li0.14Nd0.21La0.04TiO3,III,142.0,128.48657,116.60887,True,False
983,SrNd0.5Nb0.5O3,III,37.0,34.082073,33.05246,True,False
984,Sr5Ce2Ti8O25,Ib,142.0,133.53488,32.98475,True,False
985,Pb0.7Ca0.3ZrO3,III,132.0,112.007614,116.44313,True,False
986,Ca0.6Li0.15Nd0.1833La0.0333TiO3,III,128.2,127.327415,,True,False
987,Pb0.56Ca0.44Fe0.5333W0.0667Nb0.4O3,II,127.2,102.351456,105.02879,True,False
988,Pb0.6Ca0.4Fe0.495Nb0.495Zr0.01O3,II,126.7,131.88855,134.48535,True,False
989,Ca0.2Li0.25Nd0.25La0.1Nd0.1TiO3,III,110.4,113.94475,,True,False
990,Pb0.95Ca0.05ZrO3,III,112.0,130.22084,124.282,True,False
991,Pb0.05Fe0.0333W0.0167Pb0.475Ca0.475Fe0.475Nb0.475O3,II,112.2,120.203514,98.66252,True,False
992,Ca0.4Li0.3Nd0.3TiO3,III,112.6,122.059105,115.16221,True,False
993,Ca0.3Li0.35Sm0.35TiO3,III,114.0,118.687096,116.54637,True,False
994,Pb0.475Ca0.475La0.05Fe0.45Nb0.45Ti0.1O3,II,116.6,97.7183,93.90867,True,False
995,Na0.15La0.15Li0.35Sm0.35TiO3,III,117.0,115.89376,113.59209,True,False
996,Ca0.2Li0.1Nd0.1Ti0.4O3,III,110.0,77.40989,92.60375,True,False
997,Ca0.6Li0.05Nd0.05La0.1Nd0.1TiO3,III,117.0,119.92867,112.36902,True,False
998,Pb0.65Ca0.35ZrO3,III,118.0,117.54331,,True,False
999,Ca0.8Nd0.1333TiO3,III,119.0,,,False,True
1000,Ca0.8Sm0.1333TiO3,III,119.3,112.72516,107.401505,True,False
1001,Ca0.4Li0.25Nd0.2833La0.0333TiO3,III,121.3,127.79872,,True,False
1002,Ca0.45Li0.125Nd0.225Dy0.1TiO3,III,121.3,112.348045,,True,False
1003,La0.5Na0.5TiO3,II,122.0,,,False,True
1004,Ca0.5Li0.2Nd0.2333La0.0333TiO3,III,123.0,127.3051,,True,False
1005,Ca0.4Li0.15Nd0.15La0.1Nd0.1TiO3,III,117.0,124.81114,,True,False
1006,BaMg0.167Ta0.33Ti0.5O3,Ib,76.6,66.89549,,True,False
1007,Pb0.4Ca0.6Mg0.3Nb0.6Sn0.1O3,III,52.2,63.503418,,True,False
1008,La0.2Na0.2Ti0.4Ca0.6Mg0.2Nb0.4O3,III,52.3,,,False,True
1009,Ca0.8La0.1333Ti0.5Mg0.1667Nb0.3333O3,III,52.4,54.857307,62.557045,True,False
1010,CaLa4Ti5O17,II,53.7,54.76834,43.18307,True,False
1011,CaTi0.4Mg0.2Nb0.4O3,III,54.0,49.329735,,True,False
1012,La0.5333Ti0.8Al0.2O3,II,54.0,49.989464,47.186882,True,False
1013,BaZn0.25Ti0.25Nb0.5O3,Ib,54.8,60.40813,69.262985,True,False
1014,Sm0.5Li0.5TiO3,III,55.0,53.306225,,True,False
1015,CaLi0.1667Nb0.3333Ti0.5O3,III,55.0,40.968246,,True,False
1016,Pb0.2Zr0.2Ca0.8Fe0.4Nb0.4O3,III,55.1,60.614758,56.703358,True,False
1017,Ba4La2Ti3Nb2O18,Ib,55.1,42.079002,49.017643,True,False
1018,CaLi0.1667Nb0.3333Ti0.5O3,III,55.2,40.968246,,True,False
1019,CaLa4Ti5O17,II,57.0,55.242847,43.246403,True,False
1020,Ba5LaTi2Nb3O15,Ib,57.3,49.3603,,True,False
1021,Ca4.6Zn0.4Nb4TiO17,III,52.0,63.60392,56.720543,True,False
1022,Ca0.7Ti0.7La0.3Ga0.3O3,II,52.0,51.600983,,True,False
1023,CaTi0.6Al0.2Ta0.2O3,II,52.0,52.572243,50.39144,True,False
1024,Ba3La2Ti2Nb2O15,Ib,49.8,45.43911,45.470665,True,False
1025,Pb0.7Ca0.3La0.5Mg0.5Nb0.5O3,III,50.0,94.65181,,True,False
1026,La0.8333Mg0.25Ti0.75O3,III,50.0,42.08956,45.81856,True,False
1027,Ca0.5La0.5Zn0.25Ti0.75O3,III,50.0,45.067665,,True,False
1028,Ba2Sr3Nb4O15,Ib,50.0,43.745575,,True,False
1029,CaZr0.6Ti0.4O3,III,50.0,51.211864,54.145264,True,False
1030,Pb0.4Ca0.6Mg0.1667Nb0.3333Sn0.5O3,III,57.4,49.468445,53.453297,True,False
1031,La0.5333Ni0.2TiO3,II,50.7,53.50713,56.253143,True,False
1032,Ca0.75Ti0.75Sm0.25Al0.25O3,II,51.0,50.437447,,True,False
1033,Ba3Sr2Nb4O15,Ib,51.0,47.249012,,True,False
1034,Ca0.7La0.3Mg0.15Ti0.85O3,III,51.2,58.151146,61.42809,True,False
1035,La0.66Ni0.01TiO3,II,51.4,52.724586,74.30651,True,False
1036,La0.3Al0.3Sr0.7Ti0.7O3,Ib,52.0,51.55323,60.93737,True,False
1037,Li0.5Sm0.5TiO3,III,52.0,54.672832,57.642303,True,False
1038,BaSm0.3Bi0.2Nb0.5O3,II,50.8,52.842125,54.477406,True,False
1039,Pb0.4Ca0.6Fe0.475Nb0.475Sn0.05O3,II,78.0,78.00962,,True,False
1040,La0.5667Ti0.85Al0.15O3,II,57.7,58.13215,51.31356,True,False
1041,La0.6167Ni0.075TiO3,II,58.0,61.359123,66.24687,True,False
1042,BaTi0.4Ga0.3Nb0.3O3,Ib,66.0,48.32766,,True,False
1043,La0.6133Ti0.92Al0.08O3,II,66.9,65.39443,58.481243,True,False
1044,Ca0.8Ti0.8Sm0.2Mg0.1Ti0.1O3,III,68.0,66.2574,88.974304,True,False
1045,CaTi0.6Mg0.1333Nb0.2667O3,III,68.0,66.73844,66.9348,True,False
1046,Pb0.4Ca0.6Fe0.495Nb0.495Zr0.01O3,II,68.7,82.9348,90.20562,True,False
1047,La0.6467Ni0.03TiO3,II,69.4,64.6346,72.60776,True,False
1048,Pb0.4Ca0.6Fe0.45Nb0.45Sn0.1O3,II,70.3,73.54045,,True,False
1049,La0.64Ti0.96Al0.04O3,II,71.9,71.00098,65.1004,True,False
1050,Pb0.5Ca0.5Zr0.95Ti0.05O3,III,72.0,73.44668,90.734955,True,False
1051,La0.64Ti0.96Al0.04O3,II,72.0,66.36711,62.126354,True,False
1052,Pb0.5Ca0.5ZrO3,III,74.0,76.83771,,True,False
1053,CaTi0.7Al0.15Ta0.15O3,II,65.4,62.42224,,True,False
1054,Pb0.1Fe0.0667W0.0333Pb0.18Ca0.72Fe0.45Nb0.45O3,III,65.3,60.24012,58.865887,True,False
1055,Pb0.4Ca0.6Mg0.255Nb0.255Sn0.01O3,III,65.0,49.303272,,True,False
1056,La0.3Mg0.15Ti0.85Ca0.7O3,III,58.8,51.682667,61.42809,True,False
1057,CaZr0.5Ti0.5O3,III,59.0,58.559193,58.497276,True,False
1058,La0.6333Ni0.05TiO3,II,59.6,65.81392,69.3485,True,False
1059,BaTi0.85Mn0.15O3,Ib,60.0,95.017555,,True,False
1060,CaTi0.4Mg0.2Ta0.4O3,III,60.2,41.593624,41.469856,True,False
1061,BaPr0.3Bi0.02Nb0.5O3,II,60.7,44.872334,43.50411,True,False
1062,Ca2Ba3Ta2TiO12,Ib,61.0,65.25725,33.344063,True,False
1063,Ca0.68Nd0.08Ti0.8Sm0.2Al0.2O3,III,58.0,,,False,True
1064,CaTi0.6Mg0.1333Nb0.2667O3,III,62.9,66.73844,66.9348,True,False
1065,Pb0.4Ca0.6Mg0.3233Nb0.6467Sn0.03O3,III,63.0,60.672142,63.19643,True,False
1066,La0.6Ti0.9Al0.1O3,II,63.0,59.72295,54.798912,True,False
1067,La0.6533Ni0.02TiO3,II,63.3,65.49257,74.18956,True,False
1068,BaMg0.2W0.2Ti0.6O3,Ib,63.9,48.3001,,True,False
1069,Pb0.4Ca0.6Mg0.3367Nb0.6733Sn0.01O3,III,64.7,64.88794,,True,False
1070,La0.6Ti0.9Al0.1O3,II,62.6,62.203285,56.147438,True,False
1071,SrLa0.5Nb0.5O3,III,37.0,34.23568,33.82551,True,False
1072,CaLi0.2667Nb0.5333Sn0.2O3,III,23.3,23.99482,,True,False
1073,BaLa0.5Ta0.5O3,III,37.0,29.895458,36.25294,True,False
1074,BaTi0.1Co0.45W0.45O3,Ib,24.0,19.045895,,True,False
1075,Ba0.98Zn0.5W0.5O2.98,Ia,24.0,24.320717,22.097445,True,False
1076,BaMg0.333Ta0.667O3,Ib,24.0,24.845922,23.882692,True,False
1077,CaIn0.5Ta0.5O3,III,24.0,,,False,True
1078,CaPr0.5Ta0.5O3,III,24.0,23.733337,,True,False
1079,BaMg0.283Ta0.567Sn0.15O3,Ib,24.0,24.786972,,True,False
1080,BaTi0.5Ni0.25W0.25O3,Ib,24.2,21.403683,,True,False
1081,BaHfO3,Ia,24.2,27.186743,24.8852,True,False
1082,CaNd0.5Ta0.5O3,III,24.4,,,False,True
1083,BaMg0.33Ta0.63Ti0.017W0.017O3,Ib,24.5,24.340063,24.805073,True,False
1084,Ba0.9925Mg0.33Ta0.67O3,Ib,24.7,24.247202,,True,False
1085,BaMg0.33Ta0.53Ti0.067W0.067O3,Ib,23.6,24.664085,21.454367,True,False
1086,SrHfO3,III,23.5,24.379395,23.765224,True,False
1087,Sr3Zn0.5Mg0.5Nb2O9,II,22.3,,,False,True
1088,La0.952Na0.048Mg0.5W0.5O3,III,22.6,,,False,True
1089,La0.907Na0.0938Mg0.5W0.5O3,III,22.6,,,False,True
1090,CaLi0.2333Nb0.4667Sn0.3O3,III,22.6,16.107637,18.745676,True,False
1091,Ba0.99Zn0.5W0.5O2.99,Ia,23.0,24.156107,22.516157,True,False
1092,CaLa0.5Ta0.5O3,III,23.0,21.853827,,True,False
1093,NdMg0.5Ti0.5O3,III,23.0,25.475012,25.076242,True,False
1094,Ca0.07Mg0.93TiO3,III,23.0,28.720013,,True,False
1095,LaAlO3,Ia,23.4,23.693604,23.359844,True,False
1096,BaZn0.1667Co0.1667Ta0.2222Nb0.2222Sb0.2222O3,Ib,24.9,23.324978,,True,False
1097,BaCo0.3333Ta0.6667O3,Ib,25.0,25.97025,,True,False
1098,CaEr0.5Ta0.5O3,III,26.4,27.115799,,True,False
1099,BaTi0.3Zn0.35W0.35O3,Ib,26.4,28.108135,,True,False
1100,BaTi0.55Ni0.225W0.225O3,Ib,26.5,23.272284,,True,False
1101,CaEu0.5Ta0.5O3,III,26.8,24.365202,23.85842,True,False
1102,CaY0.5Ta0.5O3,III,27.0,27.09895,25.448204,True,False
1103,Ca0.6Ba0.4Y0.5Ta0.5O3,III,27.0,34.45559,32.64154,True,False
1104,Ba5Nb2Ta2O15,Ib,27.0,28.665812,32.70024,True,False
1105,BaMg0.1333Zn0.2Ta0.6667O3,Ib,27.0,26.96922,26.932425,True,False
1106,CaZrO3,III,27.0,26.106731,43.48588,True,False
1107,BaMg0.3Ta0.6Ti0.1O3,Ib,26.3,25.5528,,True,False
1108,CaYb0.5Ta0.5O3,III,25.8,25.802195,,True,False
1109,Sr2AlNbO6,Ib,25.0,19.522766,23.17862,True,False
1110,SmMg0.5Ti0.5O3,III,25.0,25.854053,,True,False
1111,NdAlO3,II,22.3,20.115158,19.688309,True,False
1112,Ba4LiTa2SbO12,Ib,25.1,,,False,True
1113,CaLi0.3Nb0.6Sn0.1O3,III,25.2,24.472523,,True,False
1114,BaTi0.5Zn0.25W0.25O3,Ib,25.4,45.207436,,True,False
1115,Ba5Nb3TaO15,Ib,25.7,32.52992,36.555428,True,False
1116,CaSm0.5Ta0.5O3,III,25.8,24.981102,24.251175,True,False
1117,BaMg0.3183Ta0.67O3,Ib,25.1,24.454992,23.302181,True,False
1118,BaYb0.5Ta0.5O3,Ib,22.1,30.654926,,True,False
1119,La0.823Na0.176Mg0.5W0.5O3,III,22.1,,,False,True
1120,Ca5Nb2HfO12,III,22.0,,,False,True
1121,BaMg0.5W0.5O3,Ia,17.0,18.777998,,True,False
1122,BaMg0.34W0.35Ti0.31O3,Ib,17.1,15.283376,,True,False
1123,BaNi0.5W0.5O3,Ia,17.1,20.541056,20.644724,True,False
1124,BaMg0.33Ta0.13Ti0.267W0.267O3,Ib,17.4,16.454416,16.401852,True,False
1125,DyAlO3,III,17.6,16.983671,17.276241,True,False
1126,BaNi0.5W0.5O3,Ia,18.1,19.609312,20.644724,True,False
1127,SrNi0.5W0.5O3,II,18.3,23.45485,25.869299,True,False
1128,GdAlO3,III,18.4,18.976686,18.984577,True,False
1129,Sr2AlNbO6,Ib,19.0,25.982397,23.113176,True,False
1130,Ba.2Sr0.8SmSbO6,Ia,19.0,33.67054,40.054462,True,False
1131,BaZn0.5W0.5O3,Ia,19.0,25.289047,,True,False
1132,NdMg0.47Ba0.03Sn0.5O3,III,19.1,20.336971,17.272762,True,False
1133,BaMg0.33W0.35Ti0.32O3,Ib,16.3,15.777997,16.403446,True,False
1134,ErAlO3,III,16.3,17.156475,16.525848,True,False
1135,Pb0.6Ca0.4Fe0.45Nb0.45Sn0.1O3,II,142.6,136.29175,133.16182,True,False
1136,BaMg0.335W0.335Ti0.33O3,Ib,13.1,16.421587,,True,False
1137,BaTi0.39Co0.305W0.305O3,Ib,14.0,19.491766,,True,False
1138,BaMg0.35W0.33Ti0.32O3,Ib,14.4,15.348897,,True,False
1139,NdMg0.45Co0.05Sn0.5O3,III,19.2,19.464678,17.044659,True,False
1140,BaMg0.34W0.32Ti0.34O3,Ib,14.4,15.178396,16.126507,True,False
1141,BaMg0.34W0.33Ti0.33O3,Ib,15.1,15.756483,,True,False
1142,BaMg0.35W0.34Ti0.31O3,Ib,15.4,15.063097,,True,False
1143,BaMg0.33W0.33Ti0.33O3,Ib,15.4,15.75416,,True,False
1144,BaMg0.33W0.34Ti0.33O3,Ib,15.6,15.977409,16.420013,True,False
1145,YAlO3,III,15.7,16.44326,,True,False
1146,Sr2SmSbO6,II,16.0,14.093714,28.327738,True,False
1147,BaMg0.34W0.32Ti0.34O3,Ib,14.5,16.12662,,True,False
1148,Ba0.5Sr0.5Zn0.1667Co0.1667Ta0.2222Nb0.2222Sb0.2222O3,Ib,27.0,26.391464,29.87268,True,False
1149,CaLa0.5Ta0.5O3,III,19.5,22.862125,24.042858,True,False
1150,Ba2SmSbO6,Ia,20.7,16.015965,21.18773,True,False
1151,Sr0.985La0.01Mg0.5W0.5O3,II,20.7,20.64816,23.330479,True,False
1152,Ba2Mg0.9Ca0.1WO6,Ia,20.8,26.904888,26.530527,True,False
1153,Sr0.036Mg0.964TiO3,II,20.8,,,False,True
1154,La0.786Na0.214Mg0.5W0.5O3,III,20.8,,,False,True
1155,CaSm0.5Nb0.5O3,III,20.9,24.735874,26.297192,True,False
1156,Ca5Ta2ZrO12,III,21.0,,,False,True
1157,Ba0.95Zn0.5W0.5O2.95,Ia,21.0,23.379066,,True,False
1158,NdMg0.5Sn0.4Ti0.1O3,III,21.1,20.821667,18.166904,True,False
1159,BaTi0.4Zn0.3W0.3O3,Ib,21.2,20.909143,,True,False
1160,CaYb0.5Ta0.5O3,III,21.2,24.619549,,True,False
1161,SrCo0.5W0.5O3,II,21.2,21.455587,20.750145,True,False
1162,CaHfO3,III,21.4,22.361378,22.008179,True,False
1163,BaTi0.45Ni0.275W0.275O3,Ib,21.6,21.4063,,True,False
1164,Sr3ZnNb2O9,II,20.7,,,False,True
1165,CaLa0.5Nb0.5O3,III,20.6,21.435574,,True,False
1166,NdMg0.43Ca0.07Sn0.5O3,III,19.5,14.551117,13.175104,True,False
1167,CaSm0.5Ta0.5O3,III,19.6,22.320005,24.432928,True,False
1168,BaMg0.33Ta0.33Ti0.167W0.167O3,Ib,19.7,25.695908,22.61919,True,False
1169,CaNd0.5Ta0.5O3,III,20.0,,,False,True
1170,CaNd0.5Nb0.5O3,III,20.0,,,False,True
1171,BaCo0.5W0.5O3,Ia,19.3,20.911285,,True,False
1172,Sr3Zn0.75Mg0.25Nb2O9,II,20.0,,,False,True
1173,BaMg0.46W0.46Ti0.08O3,Ib,20.0,17.697464,,True,False
1174,BaMg0.333Ta0.567W0.05Ti0.05O3,Ib,20.0,26.841019,24.679955,True,False
1175,BaTi0.4Ni0.3W0.3O3,Ib,20.0,19.43231,,True,False
1176,BaMg0.49Y0.006667W0.496667O3,Ia,20.0,18.855694,,True,False
1177,Ba0.97La0.02Mg0.5W0.5O3,Ia,20.0,18.178411,,True,False
1178,BaLa0.5Ta0.5O3,III,27.1,29.298376,,True,False
1179,SrLa0.5Ta0.5O3,III,27.1,28.492188,30.560669,True,False
1180,SrNd0.5Ta0.5O3,III,27.1,26.870602,28.002705,True,False
1181,Sr5Nb2Ta2O15,II,33.2,,,False,True
1182,BaHo0.5Ta0.5O3,II,33.5,34.329113,,True,False
1183,Ba8ZnNb5.4Sb0.6O24,Ib,33.6,31.49906,,True,False
1184,Ba0.99Co0.2333Zn0.1Nb0.6667O3,Ib,33.7,33.546806,,True,False
1185,Ba2Sr3Ta4O15,Ib,33.7,33.847637,,True,False
1186,Sr0.35Ba0.65Y0.5Nb0.5O3,III,33.8,33.59365,35.71726,True,False
1187,Ba0.99La0.0067Co0.2333Zn0.1Nb0.6667O3,Ib,34.0,36.448006,37.74369,True,False
1188,Ba4LiNb2TaO12,Ib,34.0,,,False,True
1189,Ba10Ta7.52Ti0.48O30,Ib,34.0,32.70272,31.564306,True,False
1190,Ca5Ta2Ti0.6Hf0.4O12,III,34.0,,,False,True
1191,Ca0.5Sm0.5Mg0.25Ti0.75O3,III,34.0,38.352253,39.379757,True,False
1192,SrGd0.5Nb0.5O3,III,34.0,33.306126,32.17323,True,False
1193,Ba3Sr2Ta4O15,Ib,33.2,33.728405,,True,False
1194,Sr0.5La0.5Ti0.5Al0.5O3,Ib,33.0,36.138042,36.82505,True,False
1195,Li0.774Zr0.057NbO3,III,33.0,29.574713,25.755701,True,False
1196,BaYb0.5Ta0.5O3,Ib,32.0,36.463615,,True,False
1197,CaEr0.5Nb0.5O3,III,32.0,25.105137,,True,False
1198,SrNd0.5Ta0.5O3,III,32.0,29.884052,29.692026,True,False
1199,SrHo0.5Nb0.5O3,III,32.0,31.554226,31.428156,True,False
1200,SrY0.5Nb0.5O3,III,32.0,32.57718,33.107037,True,False
1201,BaCo0.33Nb0.665Y0.005O3,Ib,34.0,31.607632,,True,False
1202,SrEr0.5Nb0.5O3,III,32.0,31.346832,,True,False
1203,BaSn0.226Zn0.258Nb0.516O3,Ib,32.0,33.979187,,True,False
1204,Ba5Nb3TaO15,Ib,32.2,29.52566,36.559925,True,False
1205,Ba6Nb4ZrO18,Ib,32.4,37.517357,46.501274,True,False
1206,Sr0.05Ba0.95Y0.5Ta0.5O3,II,32.5,34.47263,35.213615,True,False
1207,BaTi0.1Zn0.45W0.45O3,Ib,33.0,28.322357,,True,False
1208,Ba0.95Sr0.05Y0.5Ta0.5O3,II,33.0,34.155563,33.686367,True,False
1209,Ca5Nb2Ti0.4Hf0.6O12,III,32.0,,,False,True
1210,Ba0.95Ca0.05Yb0.475Y0.025Nb0.5O3,II,34.0,33.28751,38.267956,True,False
1211,BaYb0.5Nb0.5O3,Ib,36.0,35.401924,,True,False
1212,BaTb0.5Ta0.5O3,II,36.0,34.618977,35.455936,True,False
1213,Pb0.2Ca.1333Nb0.6667O3,III,36.0,35.318123,37.422752,True,False
1214,BaZn0.3333Nb0.6667O3,Ib,36.0,36.836864,,True,False
1215,SrSm0.5Nb0.5O3,III,36.0,34.00853,32.564095,True,False
1216,Ca4NiNb2TiO12,III,36.0,38.79723,,True,False
1217,Ca4.88Co0.12Ta2TiO12,III,36.0,40.022583,,True,False
1218,Ba8Ta4.32Ti2.6O24,Ib,36.0,39.095238,35.012157,True,False
1219,Sr3LaNb3O12,III,36.0,36.83091,34.685135,True,False
1220,Sr5NbTa3O15,II,36.2,,,False,True
1221,La6MgTi4O18,III,36.3,33.37782,31.714478,True,False
1222,Sr0.05Ba0.95Y0.5Nb0.5O3,II,36.3,36.17215,36.573025,True,False
1223,BaNd0.5Ta0.5O3,III,36.0,39.720543,36.02954,True,False
1224,La0.5Sr0.5Al0.5Ti0.5O3,Ib,35.9,34.99707,33.888508,True,False
1225,BaSc0.5Nb0.5O3,Ib,35.7,,,False,True
1226,BaZn0.0833Mg0.25Nb0.6667O3,Ib,34.0,33.160698,40.432495,True,False
1227,Ba2SrYNb3O12,Ib,34.1,41.679886,40.968513,True,False
1228,La0.8333Ti0.5Al0.5O3,Ia,34.4,33.776257,32.024612,True,False
1229,BaCo0.2333Zn0.1Nb0.6667O3,Ib,34.5,33.98169,,True,False
1230,BaSr2YNb3O12,II,34.7,37.82721,38.476215,True,False
1231,SrTb0.5Nb0.5O3,III,34.0,32.66031,,True,False
1232,Ba10Ta7.04Ti.2O30,Ib,35.0,33.941154,31.95097,True,False
1233,SrCr0.5Nb0.5O3,Ib,35.0,34.332283,30.145264,True,False
1234,BaNi0.1167Zn0.2167Nb0.6667O3,Ib,35.0,35.348145,34.519714,True,False
1235,Ca4.75Ni0.25Ta2TiO12,III,35.0,50.000008,,True,False
1236,Ba2Sr3Ta4O15,Ib,35.2,33.8506,,True,False
1237,cCa0.05Ba0.95Y0.5Nb0.5O3,II,35.2,36.41721,36.120735,True,False
1238,BaZn0.2Co0.1333Nb0.6667O3,Ib,35.5,37.798927,,True,False
1239,BaEu0.5Ta0.5O3,II,37.0,36.18385,35.26465,True,False
1240,BaNi0.3Nb0.6Zr0.1O3,Ib,31.8,27.868704,26.523123,True,False
1241,BaSr4Ta4O15,Ib,31.7,35.218132,,True,False
1242,La5AlTi3O15,II,28.1,33.084473,34.17891,True,False
1243,BaZn0.5W0.5O3,Ia,28.1,22.067484,22.921618,True,False
1244,CaHo0.5Ta0.5O3,III,28.2,27.63001,,True,False
1245,LaMg0.5Ti0.5O3,III,29.0,28.506847,27.888577,True,False
1246,Ba0.95Sr0.05Zn0.475Ga0.025Ta0.6583O3,Ib,29.0,35.10069,37.488926,True,False
1247,BaZr0.0215Zn0.272Ni0.0542Ta0.6523O3,Ib,29.0,28.668148,,True,False
1248,SrTb0.5Ta0.5O3,III,29.0,29.699575,,True,False
1249,BaHfO3,Ia,29.1,23.050896,24.8852,True,False
1250,CaLi0.3333Nb0.6667O3,III,29.6,30.454803,,True,False
1251,SrNd0.5Nb0.5O3,III,29.7,34.23125,33.125168,True,False
1252,BaTi0.6Ni0.2W0.2O3,Ib,29.8,35.624855,,True,False
1253,Ba5Ta4O15,Ib,28.0,30.501312,31.801208,True,False
1254,PrMg0.5Ti0.5O3,III,28.0,24.795254,,True,False
1255,SrY0.5Ta0.5O3,III,28.0,29.947256,27.920288,True,False
1256,SrHo0.5Ta0.5O3,III,28.0,28.148651,27.44569,True,False
1257,CaGd0.5Ta0.5O3,III,27.2,24.376095,,True,False
1258,SrLa0.5Nb0.5O3,III,27.5,34.47645,33.55418,True,False
1259,SrZn0.5W0.5O3,II,27.5,,,False,True
1260,LaMg0.5Ti0.5O3,III,27.6,29.640192,27.88357,True,False
1261,SrSm0.5Ta0.5O3,III,27.7,31.29513,29.515778,True,False
1262,BaMg0.1333Zn0.2Ta0.6667O3,Ib,27.7,26.967844,,True,False
1263,NdMg0.5Ti0.5O3,III,28.0,25.540508,25.71587,True,False
1264,CaLi0.3167Nb0.6333Zr0.05O3,III,29.9,36.784657,49.018253,True,False
1265,Ba4LiTa3O12,Ib,28.0,,,False,True
1266,BaTb0.5Ta0.5O3,II,28.0,36.25411,37.39965,True,False
1267,SrZn0.3333Ta0.6667O3,II,28.0,,,False,True
1268,BaZn0.3333Ta0.6667O3,Ib,28.0,29.3729,,True,False
1269,Ca0.6Ba0.4Yb0.5Ta0.5O3,III,28.0,32.463524,30.656897,True,False
1270,BaZr0.0215Ni0.0542Zn0.272Ta0.6523O3,Ib,28.0,28.782043,,True,False
1271,CaHo0.5Ta0.5O3,III,28.0,26.426498,,True,False
1272,SrDy0.5Ta0.5O3,III,28.0,28.543888,,True,False
1273,CaZr0.8Ti0.2O3,III,28.0,37.730934,50.75855,True,False
1274,SrSm0.5Nb0.5O3,III,31.8,30.981705,31.82864,True,False
1275,CaDy0.5Ta0.5O3,III,30.0,26.423965,23.71307,True,False
1276,LaCo0.5Ti0.5O3,III,30.0,30.506933,32.022186,True,False
1277,SrAl0.5Nb0.5O3,Ib,31.0,28.598368,26.81431,True,False
1278,SrYb0.5Nb0.5O3,III,31.0,30.274853,,True,False
1279,Ca0.4Sm0.6Mg0.3Ti0.7O3,III,31.0,32.518898,31.8322,True,False
1280,Ca4MgTa2TiO12,III,31.0,32.358772,,True,False
1281,Ca4NiTa2TiO12,III,31.0,33.06112,,True,False
1282,BaNi0.3333Nb0.6667O3,Ib,31.0,28.281555,27.62704,True,False
1283,BaMg0.3333Nb0.6667O3,Ib,31.0,32.329075,39.570393,True,False
1284,Ba4SrTa4O15,Ib,31.1,31.350796,33.485943,True,False
1285,CaLi0.2333Nb0.4667Zr0.3O3,III,31.1,34.243294,42.56696,True,False
1286,BaMg0.25W0.25Ti0.5O3,Ib,31.2,26.016804,26.059345,True,False
1287,BaZn0.5W0.5O3,Ia,31.4,21.946152,,True,False
1288,BaZn0.3Ta0.6Ti0.4O3.6,Ib,31.5,22.22757,27.365473,True,False
1289,SrSm0.5Ta0.5O3,III,31.0,30.499699,29.57165,True,False
1290,SrLa0.5Ta0.5O3,III,31.0,30.641993,31.42124,True,False
1291,Ba0.9875Sr0.0125Zn0.475Ga0.025Ta0.6583O3,Ib,31.0,32.017567,36.391193,True,False
1292,Ba0.9875Sr0.0125Zn0.3167Ga0.025Ta0.6583O3,Ib,31.0,28.346521,,True,False
1293,CaLi0.2857Nb0.5715W0.1428O3,III,30.0,43.348244,48.499405,True,False
1294,Ba5Ta4O15,Ib,30.0,29.29124,31.801208,True,False
1295,BaZr0.03Ni0.0417Zn0.2817Ta0.6467O3,Ib,30.0,29.370865,,True,False
1296,BaZr0.05Zn0.32Ta0.63O3,Ib,30.0,29.217184,,True,False
1297,SrLi0.3078Nb0.4613W0.231O3,III,30.0,37.815838,,True,False
1298,BaYb0.5Nb0.5O3,Ib,30.0,33.20105,,True,False
1299,CaLi0.3Nb0.6Zr0.1O3,III,30.1,34.87364,,True,False
1300,Ba8ZnTa6O24,Ib,30.5,29.364857,,True,False
1301,SrLi0.3889Nb0.5W0.2O3,III,31.0,29.377995,,True,False
1302,Sr0.15Ba0.85Yb0.5Ta0.5O3,II,31.0,31.760553,33.4474,True,False
1303,Sr0.625Ce0.25TiO3,Ib,143.0,138.86719,93.73822,True,False
