scatter0_x,scatter0_y,scatter1_x,scatter1_y,scatter2_x,scatter2_y,scatter3_x,scatter3_y,line4_x,line4_y,band5_x,band5_lo,band5_hi
8.5,17.70044,49.8,21.911745,37.2,22.903906,22.0,18.004278,0.0,0.0,0.0,0.0,0.0
37.0,24.86803,48.0,21.548077,36.0,14.227498,38.7,19.154928,150.0,150.0,150.0,135.0,165.0
45.0,14.323596,41.3,20.409891,40.0,27.197948,39.6,19.154928,,,,,
44.5,14.143694,36.8,19.373863,36.0,27.009779,34.4,18.950201,,,,,
44.0,13.811662,65.4,24.197956,44.0,26.816463,40.0,19.154928,,,,,
45.3,24.109007,54.3,22.80431,35.0,25.920134,36.6,18.950201,,,,,
44.7,23.908289,48.5,21.911745,35.0,26.91737,29.4,19.154928,,,,,
44.1,23.77012,48.1,21.548077,34.0,26.778732,34.2,19.154928,,,,,
43.6,23.498144,41.2,20.409891,28.0,26.495808,35.1,19.154928,,,,,
62.97,21.870686,36.4,19.373863,38.0,19.79774,38.7,19.154928,,,,,
34.0,24.027462,69.0,24.197956,42.0,25.428335,39.6,19.154928,,,,,
30.97,11.842252,56.6,22.80431,40.0,25.603855,40.0,19.154928,,,,,
38.66,11.842252,49.4,21.911745,52.0,13.565022,38.3,19.154928,,,,,
27.75,11.842252,48.0,21.548077,39.0,12.737082,24.1,19.295958,,,,,
33.01,11.842252,41.1,20.409891,41.4,19.72983,23.2,16.541523,,,,,
27.0,22.47137,36.4,19.373863,40.1,19.769308,19.3,18.161812,,,,,
29.32,23.710814,55.7,22.80431,38.2,19.781626,18.1,19.140003,,,,,
49.21,15.057605,67.8,24.197956,35.8,19.807785,29.1,17.992693,,,,,
54.31,20.533365,43.0,13.953447,33.9,19.847576,19.0,17.992693,,,,,
44.24,18.804413,40.0,13.880859,44.4,32.38309,23.0,17.412909,,,,,
100.1,25.010122,40.0,13.855624,26.0,21.64729,23.4,18.004278,,,,,
105.1,25.189201,39.0,13.997077,29.0,25.419237,16.7,16.033232,,,,,
97.6,24.067898,38.9,13.9698305,33.0,26.520525,24.0,16.865803,,,,,
89.4,23.595482,37.0,13.844435,34.0,27.698055,21.0,15.395089,,,,,
103.0,24.869036,38.0,14.089469,39.0,28.959879,20.0,17.80093,,,,,
70.6,23.123892,65.4,25.77965,46.0,33.350582,22.5,17.424479,,,,,
72.0,26.674992,52.2,24.728025,33.7,19.314522,20.0,16.033232,,,,,
95.5,23.79144,52.3,24.728025,34.0,19.839872,20.0,16.415087,,,,,
129.0,40.669636,52.4,24.728025,30.2,26.495808,20.0,15.495,,,,,
127.0,37.87026,52.0,24.728025,32.9,27.272642,37.0,21.044508,,,,,
101.0,29.48495,46.6,24.133062,34.3,28.067324,24.0,16.865803,,,,,
73.0,27.89008,46.7,24.133062,35.2,28.877607,24.2,19.295958,,,,,
112.0,38.626938,46.8,24.133062,33.2,29.700645,23.0,17.412909,,,,,
132.0,30.585117,46.5,24.133062,31.7,24.641758,23.4,18.004278,,,,,
121.3,24.76059,41.4,23.750372,34.2,23.014235,17.0,16.033232,,,,,
110.4,23.702488,65.7,25.77965,37.2,21.57411,17.1,19.140003,,,,,
116.0,24.155798,41.5,23.750372,42.0,20.290783,18.1,19.140003,,,,,
117.0,24.599836,43.5,24.230476,32.4,20.063452,19.0,17.992693,,,,,
58.85,24.56027,41.5,24.615978,29.3,27.882917,20.8,25.608948,,,,,
112.6,24.964159,49.4,24.682264,50.8,22.405773,21.0,15.395089,,,,,
60.2,22.255766,45.2,24.84513,39.5,20.386436,19.3,18.161812,,,,,
118.0,29.307636,45.2,24.478294,34.9,28.606384,20.0,16.15762,,,,,
132.6,23.71439,47.5,24.154959,46.2,24.341005,20.0,15.758648,,,,,
136.4,24.944027,46.5,23.899342,29.5,24.269247,34.4,18.963825,,,,,
142.0,26.180655,65.6,25.77965,29.6,24.269247,28.1,17.992693,,,,,
128.2,26.230076,41.1,30.835848,28.4,24.269247,29.1,19.295958,,,,,
123.0,25.59106,39.7,23.470377,30.2,24.269247,31.4,17.992693,,,,,
121.3,24.954298,22.74,18.457018,29.1,24.380663,,,,,,,
117.0,25.45565,25.84,19.567703,30.4,24.380663,,,,,,,
110.0,28.82089,29.38,20.766563,33.7,25.39764,,,,,,,
94.0,28.115042,32.85,22.063604,31.2,18.161348,,,,,,,
74.0,25.953053,50.21,25.00027,31.5,18.161348,,,,,,,
119.0,26.830305,65.5,25.77965,31.0,18.161348,,,,,,,
107.0,25.7299,69.2,26.668907,31.5,31.78795,,,,,,,
98.0,24.842567,43.7,33.20294,32.0,19.556099,,,,,,,
98.0,23.731665,68.4,26.785053,35.5,19.781626,,,,,,,
141.0,27.435171,43.5,30.532917,34.5,19.820686,,,,,,,
117.0,26.047281,34.3,25.723738,32.0,19.859848,,,,,,,
108.0,24.842567,38.2,23.815638,46.2,22.012074,,,,,,,
100.0,23.878206,45.2,22.153278,86.0,25.36738,,,,,,,
99.0,23.11236,71.9,19.827782,66.0,23.983229,,,,,,,
98.0,22.502321,67.6,19.806843,47.0,22.73626,,,,,,,
102.0,21.965588,66.9,19.737913,47.44,44.94734,,,,,,,
94.0,21.599232,108.5,30.60699,123.0,28.280195,,,,,,,
82.0,21.229612,94.3,29.192327,143.0,30.864079,,,,,,,
93.0,24.567299,81.2,27.882694,136.0,29.684729,,,,,,,
119.0,26.876205,67.2,26.666893,45.0,32.38309,,,,,,,
101.0,24.893936,71.86,19.940372,44.0,39.327515,,,,,,,
94.5,23.400555,100.1,30.60699,44.6,21.00094,,,,,,,
112.96,25.7299,86.8,27.882694,46.1,21.415588,,,,,,,
103.35,24.842567,70.1,26.666893,38.15,13.330146,,,,,,,
100.08,24.045795,126.7,32.32845,49.1,32.38309,,,,,,,
114.0,24.201586,90.6,30.774385,42.0,19.760029,,,,,,,
130.5,25.673141,86.3,29.341125,41.1,15.456768,,,,,,,
45.0,26.801079,82.5,28.015194,41.4,15.456768,,,,,,,
43.0,25.374802,68.7,26.785053,42.3,15.456768,,,,,,,
47.25,19.349237,128.4,32.32845,42.1,15.456768,,,,,,,
45.0,25.306007,97.1,30.774385,46.8,32.54798,,,,,,,
41.56,18.291035,89.2,29.341125,45.7,32.71247,,,,,,,
42.0,19.520027,85.3,28.015194,47.7,32.084854,,,,,,,
25.4,19.82641,96.5,29.192327,33.4,21.268236,,,,,,,
41.1,15.401169,62.6,19.716803,36.6,22.446556,,,,,,,
42.2,15.401169,60.7,19.654562,40.4,23.755257,,,,,,,
43.3,15.401169,57.7,19.639772,46.6,25.217237,,,,,,,
43.1,15.401169,53.9,19.515041,71.2,25.590311,,,,,,,
42.3,29.568813,44.9,19.358976,25.4,23.917797,,,,,,,
28.7,20.562836,70.4,19.827782,22.9,23.159508,,,,,,,
33.6,21.39584,68.0,19.806843,21.2,22.446934,,,,,,,
39.4,22.255766,66.7,19.737913,22.1,21.776068,,,,,,,
50.0,13.999476,65.3,19.716803,26.4,21.143354,,,,,,,
117.0,22.049404,60.8,19.654562,33.0,18.935621,,,,,,,
60.0,23.073256,53.1,19.515041,31.4,19.980074,,,,,,,
51.0,19.622442,46.3,19.358976,24.9,16.892199,,,,,,,
58.9,20.243002,54.4,19.639772,26.3,17.482574,,,,,,,
43.9,18.700014,73.0,19.940372,25.1,19.344637,,,,,,,
52.3,17.596064,67.9,37.79555,34.2,21.772594,,,,,,,
28.0,15.697104,79.6,37.79555,29.8,24.25816,,,,,,,
48.0,18.700014,84.0,37.79555,18.0,22.461136,,,,,,,
45.1,22.734596,83.9,37.79555,32.0,18.218687,,,,,,,
47.8,23.187603,135.0,38.752563,25.0,22.024988,,,,,,,
59.9,24.251675,62.0,33.828712,41.0,19.72401,,,,,,,
73.1,25.361927,140.4,31.971777,30.0,24.237602,,,,,,,
95.0,26.578526,102.8,29.04625,39.0,26.388067,,,,,,,
121.7,27.984966,95.0,28.514288,24.0,22.021837,,,,,,,
36.0,17.337528,90.6,27.998205,24.4,21.866,,,,,,,
109.0,25.118963,88.9,27.745897,24.3,21.715952,,,,,,,
68.0,21.870686,81.0,26.538467,24.0,21.567951,,,,,,,
54.0,19.349237,138.0,31.577717,29.8,26.513424,,,,,,,
40.8,45.3643,92.4,28.201456,26.5,25.69731,,,,,,,
23.3,13.186139,86.7,27.696712,24.2,24.928478,,,,,,,
24.2,12.905377,85.3,27.449875,21.6,24.202938,,,,,,,
24.5,12.56534,71.1,26.267939,20.0,23.517134,,,,,,,
24.7,12.642689,96.8,28.721518,22.0,34.907406,,,,,,,
25.0,12.546246,45.0,20.99439,15.4,19.693914,,,,,,,
25.5,12.500373,44.0,24.230476,18.0,22.461136,,,,,,,
26.5,12.5991,48.3,19.792473,19.6,16.78792,,,,,,,
32.0,12.546121,62.0,33.828712,16.6,17.613243,,,,,,,
31.4,12.632404,113.0,26.581734,12.3,19.006971,,,,,,,
31.0,12.397905,60.7,20.554424,13.1,19.693914,,,,,,,
30.5,12.601168,50.8,20.602486,13.5,20.05919,,,,,,,
30.0,12.679,47.9,20.659765,16.7,20.628244,,,,,,,
29.6,14.949474,48.6,21.049492,21.8,21.229124,,,,,,,
20.76,11.627952,44.7,30.835848,31.2,22.196217,,,,,,,
18.6,11.627952,45.1,33.20294,63.9,24.011019,,,,,,,
21.1,15.761415,49.3,30.603329,16.3,20.202827,,,,,,,
23.5,21.257816,43.61,30.835848,17.1,19.720816,,,,,,,
21.4,17.098536,43.36,30.521778,14.4,19.12792,,,,,,,
22.0,17.291933,43.1,30.205786,15.1,19.321907,,,,,,,
23.0,14.731372,68.7,22.393185,15.4,19.067251,,,,,,,
30.0,24.371622,57.5,21.044855,14.4,18.878002,,,,,,,
25.0,19.516375,51.4,19.706964,14.5,19.12792,,,,,,,
25.0,24.371622,63.3,19.516184,14.8,19.12792,,,,,,,
25.5,22.479204,69.4,19.335083,18.1,20.043112,,,,,,,
20.35,11.493019,59.6,18.977993,21.5,20.03508,,,,,,,
25.1,17.172552,58.0,18.562912,24.0,20.031067,,,,,,,
23.8,18.237528,53.3,17.44804,15.6,19.99234,,,,,,,
24.7,17.172552,80.1,23.843128,28.3,14.227498,,,,,,,
21.1,11.493019,50.7,16.797724,22.1,15.859211,,,,,,,
20.9,11.370172,47.0,24.133062,26.3,22.887728,,,,,,,
16.3,15.329592,45.4,32.8765,35.3,21.246878,,,,,,,
17.6,15.408687,46.1,33.040012,30.5,21.759096,,,,,,,
18.4,14.892808,48.9,31.780712,23.0,20.653557,,,,,,,
20.4,15.99131,49.5,31.155907,25.0,19.496162,,,,,,,
15.7,14.444036,40.8,33.040012,25.0,17.142551,,,,,,,
40.2,41.033768,46.4,36.927467,29.0,19.311384,,,,,,,
19.5,15.543872,48.9,31.470963,26.0,20.323185,,,,,,,
19.3,15.543872,48.0,34.65437,36.2,19.899178,,,,,,,
14.1,17.072128,34.9,29.180704,33.6,19.153603,,,,,,,
19.5,16.240685,34.3,28.54589,33.6,18.455341,,,,,,,
19.7,16.240685,33.2,27.936413,31.0,17.80003,,,,,,,
20.1,16.240685,33.0,19.667366,29.4,16.980257,,,,,,,
20.1,12.445209,40.0,21.616932,25.9,16.131495,,,,,,,
23.6,11.077677,21.2,19.625507,17.4,15.047596,,,,,,,
22.6,11.15825,18.3,20.718763,19.9,15.35347,,,,,,,
21.9,11.15825,27.5,19.402071,35.1,21.246878,,,,,,,
22.6,11.257304,22.3,16.184734,30.0,21.759096,,,,,,,
22.88,11.370172,20.69,21.616117,60.9,26.475363,,,,,,,
20.96,11.370172,19.96,21.07659,105.8,29.62451,,,,,,,
22.06,11.493019,23.31,20.559778,32.0,15.859211,,,,,,,
27.7,16.735783,21.55,20.064278,28.3,24.462585,,,,,,,
27.1,17.355446,39.7,13.953447,27.0,25.576878,,,,,,,
19.0,13.683378,34.3,15.474548,27.0,34.91628,,,,,,,
19.4,15.589814,44.9,25.324041,27.0,34.907406,,,,,,,
19.2,15.361794,23.0,22.774183,27.0,21.325367,,,,,,,
19.3,15.150219,22.0,18.388351,28.4,24.375622,,,,,,,
37.4,14.323596,22.0,24.273668,30.2,24.159077,,,,,,,
41.9,13.811662,25.0,16.757555,29.6,24.290451,,,,,,,
27.1,15.875515,28.0,18.970427,30.1,24.078781,,,,,,,
36.0,15.290502,20.0,19.739475,29.0,28.038115,,,,,,,
27.1,16.542887,29.1,18.052917,28.2,24.462585,,,,,,,
20.0,12.56534,32.2,18.889957,28.7,24.375622,,,,,,,
20.9,12.642689,35.1,19.674774,29.3,24.290451,,,,,,,
27.0,12.679,45.3,21.548077,30.7,24.078781,,,,,,,
19.5,14.731372,44.9,21.899446,29.7,24.159077,,,,,,,
20.0,14.008681,75.4,24.953548,30.0,23.910427,,,,,,,
19.6,14.116789,42.5,23.771776,44.7,19.520569,,,,,,,
21.1,14.2154455,27.0,17.54949,45.0,21.79725,,,,,,,
27.5,15.407056,37.6,15.474548,44.6,21.00094,,,,,,,
29.7,14.718671,36.5,15.393811,43.0,22.012074,,,,,,,
31.8,14.860338,36.0,15.368717,43.0,24.341005,,,,,,,
29.4,15.075233,35.5,15.547453,44.4,32.38309,,,,,,,
26.0,18.793713,34.0,15.521186,43.8,19.476845,,,,,,,
20.6,13.186139,33.5,15.67196,47.9,22.405773,,,,,,,
38.0,5.8647857,33.0,15.377384,48.0,20.675154,,,,,,,
31.0,5.463132,23.8,17.17364,45.0,27.232008,,,,,,,
23.0,5.123992,44.9,25.324041,46.1,21.415588,,,,,,,
26.0,5.8647857,23.6,16.757555,46.3,32.38309,,,,,,,
23.0,5.463132,36.2,27.614132,46.6,25.217237,,,,,,,
20.0,5.123992,37.71,28.690428,42.4,19.695957,,,,,,,
35.0,6.1737776,32.98,28.22067,42.3,15.456768,,,,,,,
30.0,5.8524594,44.9,25.324041,37.6,20.386436,,,,,,,
26.0,5.5731387,44.9,19.344984,37.0,21.750948,,,,,,,
29.0,5.7676454,45.0,24.230476,37.2,19.192268,,,,,,,
12.0,5.5188184,45.0,24.217575,37.3,24.024908,,,,,,,
30.0,6.0839925,45.0,23.403383,39.6,26.328123,,,,,,,
26.0,5.658856,45.0,20.99439,41.1,19.72401,,,,,,,
20.0,5.3012276,45.0,25.324041,42.0,19.760029,,,,,,,
17.0,6.2850065,45.0,24.690872,42.0,25.41604,,,,,,,
13.0,5.952325,43.5,30.532917,42.1,28.959879,,,,,,,
10.0,5.677969,43.4,30.521778,40.0,25.591358,,,,,,,
32.0,6.0704317,43.6,30.835848,39.7,15.859211,,,,,,,
29.0,6.4130163,43.7,24.230476,40.0,19.751291,,,,,,,
37.5,15.132608,44.0,24.488426,40.0,19.72401,,,,,,,
36.9,14.718671,47.9,20.659765,40.0,21.061672,,,,,,,
35.8,14.860338,47.7,31.780712,40.0,29.670246,,,,,,,
34.7,14.758554,48.0,24.026497,86.0,25.36738,,,,,,,
34.3,14.716814,48.6,21.049492,133.9,40.05276,,,,,,,
33.7,14.869086,48.7,23.899342,136.0,29.680119,,,,,,,
33.0,14.822091,45.1,24.382563,76.6,26.955336,,,,,,,
32.3,14.952433,46.4,36.927467,54.8,22.192495,,,,,,,
32.2,14.655674,46.9,18.98005,50.0,21.430573,,,,,,,
32.2,14.93331,47.0,24.026497,51.0,21.055775,,,,,,,
30.7,15.075233,38.0,15.474548,52.0,31.77469,,,,,,,
26.0,18.227625,38.0,14.089469,66.0,23.983229,,,,,,,
36.6,15.407056,38.8,15.393811,60.0,32.508236,,,,,,,
26.0,6.071956,38.9,13.9698305,63.9,24.011019,,,,,,,
25.0,21.223433,39.0,13.997077,24.0,19.102285,,,,,,,
23.0,21.426348,39.1,15.521186,24.0,22.032959,,,,,,,
28.0,21.174402,37.6,15.474548,24.0,21.578625,,,,,,,
23.0,21.93325,37.0,13.844435,24.2,24.928478,,,,,,,
22.15,9.767429,39.2,34.65437,24.5,21.741928,,,,,,,
30.5,16.735783,37.2,22.781427,24.7,21.680569,,,,,,,
31.6,16.735783,37.3,15.377384,23.6,21.379652,,,,,,,
32.1,16.735783,41.4,23.750372,24.9,16.892199,,,,,,,
36.0,16.735783,42.0,23.782286,25.0,24.44181,,,,,,,
39.0,16.735783,41.1,30.835848,26.4,21.143354,,,,,,,
42.0,16.735783,41.0,30.532917,26.5,25.69731,,,,,,,
45.0,16.735783,41.0,23.467974,27.0,23.014235,,,,,,,
48.5,16.735783,39.6,15.67196,27.0,23.318537,,,,,,,
49.6,16.735783,39.7,13.953447,26.3,22.887728,,,,,,,
92.12,23.862465,39.7,23.470377,25.0,21.759096,,,,,,,
23.0,5.7764034,40.0,13.855624,25.4,23.917797,,,,,,,
22.0,22.246008,40.0,13.880859,25.7,21.57411,,,,,,,
28.0,6.299647,40.0,22.153278,25.1,22.036493,,,,,,,
24.0,5.977867,94.3,28.514288,22.1,15.859211,,,,,,,
20.0,5.7143664,99.6,28.721518,17.1,19.523315,,,,,,,
23.0,21.411434,102.0,29.04625,17.4,20.010553,,,,,,,
40.0,19.443695,93.6,28.201456,19.0,21.759096,,,,,,,
29.0,17.288462,92.6,28.048449,16.3,19.793653,,,,,,,
26.0,17.801786,83.9,37.79555,13.1,19.6518,,,,,,,
27.0,17.628092,85.0,27.449875,14.0,22.461136,,,,,,,
35.0,17.156487,85.0,27.71823,14.4,19.252562,,,,,,,
32.0,23.2395,86.3,27.745897,14.4,19.51189,,,,,,,
21.0,19.14086,109.0,24.980465,15.1,19.515697,,,,,,,
28.0,15.702505,86.3,29.341125,15.4,19.256268,,,,,,,
30.9,21.429821,87.0,27.882694,15.4,19.462257,,,,,,,
37.1,15.875515,87.8,27.696712,15.6,19.789736,,,,,,,
38.7,15.290502,88.2,27.998205,14.5,19.51189,,,,,,,
26.8,15.665636,90.8,29.730255,27.0,17.482574,,,,,,,
141.0,26.224575,86.7,27.449875,21.2,22.446934,,,,,,,
138.0,24.857397,82.0,19.649775,21.6,24.202938,,,,,,,
98.0,23.627247,139.4,31.971777,19.7,20.679617,,,,,,,
59.0,22.514524,127.2,30.900295,20.0,16.78792,,,,,,,
38.0,20.58001,126.7,32.32845,20.0,21.66059,,,,,,,
28.0,19.733942,112.2,30.031713,20.0,23.517134,,,,,,,
42.0,18.955729,116.6,31.128664,33.6,18.455341,,,,,,,
27.0,18.237528,122.0,21.459576,33.7,19.314522,,,,,,,
27.6,20.37375,54.0,12.970146,33.7,28.877607,,,,,,,
29.8,21.020452,52.0,24.682264,34.0,19.687166,,,,,,,
37.2,22.447186,52.0,24.728025,34.0,26.296888,,,,,,,
51.2,25.982454,50.7,16.797724,33.2,28.067324,,,,,,,
58.8,25.982454,51.0,24.999645,33.0,26.520525,,,,,,,
90.4,28.20884,51.4,19.706964,32.0,15.859211,,,,,,,
102.5,28.20884,50.8,20.602486,34.0,20.034054,,,,,,,
50.0,21.503191,78.0,26.538467,32.0,19.629112,,,,,,,
43.2,24.084438,57.7,14.269605,32.2,21.57411,,,,,,,
32.0,17.048153,58.0,18.562912,32.4,20.063452,,,,,,,
31.5,16.542887,66.9,16.497694,33.0,18.935621,,,,,,,
30.0,16.618275,68.7,26.785053,36.0,14.227498,,,,,,,
29.5,16.573397,69.4,19.335083,36.0,19.72401,,,,,,,
28.8,16.7729,70.3,26.267939,36.0,29.235643,,,,,,,
28.2,16.723042,71.9,18.06064,35.9,26.520525,,,,,,,
27.7,16.89317,72.0,18.06064,35.7,19.975077,,,,,,,
27.5,16.52606,65.4,25.77965,34.0,18.527052,,,,,,,
27.1,16.877974,59.6,18.977993,34.5,19.814938,,,,,,,
25.9,17.072128,60.7,13.384011,35.0,26.322956,,,,,,,
31.2,17.355446,63.0,15.8034935,35.0,21.246878,,,,,,,
36.7,15.132608,63.3,19.516184,35.0,20.035213,,,,,,,
35.5,14.860338,62.6,15.8034935,35.2,28.877607,,,,,,,
34.3,14.758554,22.3,20.559778,35.5,19.775898,,,,,,,
33.5,14.716814,22.3,16.184734,31.8,20.62193,,,,,,,
32.3,14.869086,18.3,20.718763,31.7,29.700645,,,,,,,
31.2,14.822091,142.6,31.577717,29.0,28.038115,,,,,,,
30.6,14.952433,20.7,16.813684,29.0,24.375622,,,,,,,
30.7,14.655674,20.8,8.161739,29.8,26.513424,,,,,,,
25.0,18.227625,21.2,19.625507,28.0,26.495808,,,,,,,
31.1,14.93331,20.7,21.616117,27.7,23.318537,,,,,,,
29.3,15.075233,20.0,21.07659,28.0,24.25816,,,,,,,
36.5,14.718671,33.2,25.723738,28.0,24.375622,,,,,,,
31.0,22.145512,33.5,15.67196,31.0,21.759096,,,,,,,
36.0,15.407056,32.5,15.436486,31.0,20.63593,,,,,,,
26.6,19.151407,33.0,15.436486,31.0,18.155037,,,,,,,
28.7,12.196804,34.0,14.153121,31.1,27.272642,,,,,,,
29.0,21.363419,36.0,15.547453,31.2,22.196217,,,,,,,
72.41,25.218784,36.2,27.936413,31.0,27.863407,,,,,,,
47.83,23.435686,36.3,13.887647,31.0,24.233505,,,,,,,
40.05,22.498682,35.2,13.793538,30.0,26.495808,,,,,,,
30.1,20.498482,37.0,15.393811,30.0,24.290451,,,,,,,
33.56,21.37806,28.1,28.22067,30.0,23.910427,,,,,,,
31.4,22.0176,27.5,19.402071,30.0,14.227498,,,,,,,
38.7,23.743916,28.0,15.547453,30.5,25.322962,,,,,,,
50.58,23.77036,28.0,27.69878,143.0,30.864079,,,,,,,
30.0,24.027462,31.0,16.04623,,,,,,,,,
45.0,14.323596,,,,,,,,,,,
44.5,14.143694,,,,,,,,,,,
43.0,15.401169,,,,,,,,,,,
45.0,23.230066,,,,,,,,,,,
44.0,13.811662,,,,,,,,,,,
44.0,22.53391,,,,,,,,,,,
45.0,26.801079,,,,,,,,,,,
48.0,18.700014,,,,,,,,,,,
49.0,23.978426,,,,,,,,,,,
45.0,23.23657,,,,,,,,,,,
47.3,19.349237,,,,,,,,,,,
45.0,25.306007,,,,,,,,,,,
45.1,22.72112,,,,,,,,,,,
38.0,20.58001,,,,,,,,,,,
38.0,15.132608,,,,,,,,,,,
38.6,19.443695,,,,,,,,,,,
37.7,27.45643,,,,,,,,,,,
49.0,23.77012,,,,,,,,,,,
37.0,29.850792,,,,,,,,,,,
37.4,14.323596,,,,,,,,,,,
41.9,13.811662,,,,,,,,,,,
42.0,19.520027,,,,,,,,,,,
42.0,18.955729,,,,,,,,,,,
42.3,29.568813,,,,,,,,,,,
40.0,19.443695,,,,,,,,,,,
40.0,19.162277,,,,,,,,,,,
94.0,28.115042,,,,,,,,,,,
94.5,23.400555,,,,,,,,,,,
95.5,23.79144,,,,,,,,,,,
99.0,23.731665,,,,,,,,,,,
99.0,23.11236,,,,,,,,,,,
101.0,24.893936,,,,,,,,,,,
102.5,28.20884,,,,,,,,,,,
103.0,24.842567,,,,,,,,,,,
105.0,24.434551,,,,,,,,,,,
108.0,24.842567,,,,,,,,,,,
87.0,27.937466,,,,,,,,,,,
90.4,28.20884,,,,,,,,,,,
110.0,28.82089,,,,,,,,,,,
110.0,23.401386,,,,,,,,,,,
132.6,23.71439,,,,,,,,,,,
136.4,24.944027,,,,,,,,,,,
138.0,24.857397,,,,,,,,,,,
140.7,29.708187,,,,,,,,,,,
141.0,27.435171,,,,,,,,,,,
141.0,26.224575,,,,,,,,,,,
141.0,26.047281,,,,,,,,,,,
142.0,28.482653,,,,,,,,,,,
37.0,14.718671,,,,,,,,,,,
132.0,30.585117,,,,,,,,,,,
128.2,26.230076,,,,,,,,,,,
110.4,23.702488,,,,,,,,,,,
112.0,38.626938,,,,,,,,,,,
112.6,24.964159,,,,,,,,,,,
114.0,24.201586,,,,,,,,,,,
117.0,22.049404,,,,,,,,,,,
110.0,6.329558,,,,,,,,,,,
117.0,25.45565,,,,,,,,,,,
118.0,29.307636,,,,,,,,,,,
119.0,26.830305,,,,,,,,,,,
119.3,26.876205,,,,,,,,,,,
121.3,24.954298,,,,,,,,,,,
121.3,24.76059,,,,,,,,,,,
123.0,25.59106,,,,,,,,,,,
117.0,24.599836,,,,,,,,,,,
52.2,20.595646,,,,,,,,,,,
52.3,17.596064,,,,,,,,,,,
52.4,19.31058,,,,,,,,,,,
54.0,19.349237,,,,,,,,,,,
55.0,22.073053,,,,,,,,,,,
55.1,22.28563,,,,,,,,,,,
50.0,20.160717,,,,,,,,,,,
50.0,26.48573,,,,,,,,,,,
50.0,21.503191,,,,,,,,,,,
57.4,21.291206,,,,,,,,,,,
51.2,25.982454,,,,,,,,,,,
52.0,22.073053,,,,,,,,,,,
68.0,26.542,,,,,,,,,,,
68.0,21.870686,,,,,,,,,,,
72.0,26.674992,,,,,,,,,,,
74.0,25.953053,,,,,,,,,,,
65.3,24.110746,,,,,,,,,,,
65.0,10.871678,,,,,,,,,,,
58.8,25.982454,,,,,,,,,,,
59.0,22.514524,,,,,,,,,,,
60.2,22.255766,,,,,,,,,,,
58.0,24.56027,,,,,,,,,,,
62.9,21.870686,,,,,,,,,,,
63.0,20.477526,,,,,,,,,,,
64.7,21.028812,,,,,,,,,,,
37.0,15.407056,,,,,,,,,,,
37.0,15.875515,,,,,,,,,,,
24.0,17.091196,,,,,,,,,,,
24.0,14.416182,,,,,,,,,,,
24.4,14.008681,,,,,,,,,,,
23.5,21.257816,,,,,,,,,,,
22.6,19.237495,,,,,,,,,,,
22.6,18.124823,,,,,,,,,,,
23.0,14.731372,,,,,,,,,,,
23.0,18.793713,,,,,,,,,,,
23.0,9.767429,,,,,,,,,,,
26.4,14.107062,,,,,,,,,,,
26.8,14.006432,,,,,,,,,,,
27.0,13.854187,,,,,,,,,,,
27.0,14.591667,,,,,,,,,,,
27.0,18.237528,,,,,,,,,,,
25.8,14.2154455,,,,,,,,,,,
25.0,18.73566,,,,,,,,,,,
25.8,14.116789,,,,,,,,,,,
22.1,16.292759,,,,,,,,,,,
17.6,15.408687,,,,,,,,,,,
18.4,14.892808,,,,,,,,,,,
19.1,15.589814,,,,,,,,,,,
16.3,15.329592,,,,,,,,,,,
19.2,15.361794,,,,,,,,,,,
15.7,14.444036,,,,,,,,,,,
19.5,14.731372,,,,,,,,,,,
20.8,15.610249,,,,,,,,,,,
20.9,12.642689,,,,,,,,,,,
21.1,15.761415,,,,,,,,,,,
21.2,14.2154455,,,,,,,,,,,
21.4,17.098536,,,,,,,,,,,
20.6,13.186139,,,,,,,,,,,
19.5,11.544875,,,,,,,,,,,
19.6,14.116789,,,,,,,,,,,
20.0,14.008681,,,,,,,,,,,
20.0,12.56534,,,,,,,,,,,
27.1,15.875515,,,,,,,,,,,
27.1,17.355446,,,,,,,,,,,
27.1,16.542887,,,,,,,,,,,
33.8,14.142196,,,,,,,,,,,
34.0,23.02739,,,,,,,,,,,
34.0,14.716814,,,,,,,,,,,
33.0,11.842252,,,,,,,,,,,
32.0,12.601168,,,,,,,,,,,
32.0,16.542887,,,,,,,,,,,
32.0,14.952433,,,,,,,,,,,
32.0,14.655674,,,,,,,,,,,
32.0,14.93331,,,,,,,,,,,
36.0,14.860338,,,,,,,,,,,
36.0,19.768696,,,,,,,,,,,
36.3,25.818855,,,,,,,,,,,
36.0,15.290502,,,,,,,,,,,
34.0,14.869086,,,,,,,,,,,
28.2,14.138384,,,,,,,,,,,
29.0,20.37375,,,,,,,,,,,
29.0,16.7729,,,,,,,,,,,
29.7,14.718671,,,,,,,,,,,
28.0,19.042501,,,,,,,,,,,
28.0,16.52606,,,,,,,,,,,
28.0,16.89317,,,,,,,,,,,
27.2,13.956137,,,,,,,,,,,
27.5,15.407056,,,,,,,,,,,
27.6,20.37375,,,,,,,,,,,
27.7,16.735783,,,,,,,,,,,
28.0,18.793713,,,,,,,,,,,
28.0,15.007934,,,,,,,,,,,
28.0,14.138384,,,,,,,,,,,
28.0,16.723042,,,,,,,,,,,
28.0,19.733942,,,,,,,,,,,
31.8,14.860338,,,,,,,,,,,
30.0,14.026918,,,,,,,,,,,
30.0,24.371622,,,,,,,,,,,
31.0,15.075233,,,,,,,,,,,
31.0,22.036604,,,,,,,,,,,
31.0,20.971092,,,,,,,,,,,
31.0,23.68659,,,,,,,,,,,
31.0,16.735783,,,,,,,,,,,
31.0,17.355446,,,,,,,,,,,
