hist0_values,bar1_x,bar1_height,ref_line_value,ref_line_label
0.4802140511761289,0.5426984126106346,1.0,1.0,
2.2727537218053606,0.667667135479646,6.0,1.9157262713057803,
2.2275769666128444,0.7926358583486572,26.0,,
2.023528690084626,0.9176045812176685,26.0,,
1.89946630674533,1.0425733040866798,45.0,,
2.7027076171227025,1.1675420269556913,76.0,,
2.3811288304710816,1.2925107498247026,90.0,,
2.213424809388755,1.4174794726937139,79.0,,
2.2322177519599546,1.5424481955627252,46.0,,
2.0186291048786105,1.6674169184317365,62.0,,
1.8788199338459242,1.7923856413007477,86.0,,
2.8514805134780805,1.917354364169759,50.0,,
2.481986957728605,2.0423230870387705,61.0,,
2.25449867183102,2.167291809907782,51.0,,
2.2275769666128444,2.292260532776793,41.0,,
2.0137295196725944,2.417229255645805,34.0,,
1.8788199338459242,2.5421979785148157,37.0,,
1.4878540841393548,2.6671667013838274,34.0,,
1.6241771163398944,2.7921354242528382,27.0,,
2.4425207340191393,2.91710414712185,24.0,,
2.8018895480262875,3.042072869990861,20.0,,
3.141669173020518,3.1670415928598725,27.0,,
3.146278475764535,3.2920103157288834,18.0,,
3.1857136382283318,3.416979038597895,10.0,,
3.081675803835425,3.541947761466906,12.0,,
2.8816660409849275,3.6669164843359177,4.0,,
2.8869143677686404,3.791885207204929,8.0,,
2.7862960245199764,3.9168539300739402,8.0,,
2.7845720819590474,4.041822652942952,17.0,,
2.6725539901050492,4.166791375811963,14.0,,
2.5303113730889297,4.2917600986809745,13.0,,
1.4706991865709869,4.416728821549986,12.0,,
1.332850594593906,4.541697544418997,12.0,,
1.6407831263951551,4.666666267288009,9.0,,
1.3503016612491276,4.79163499015702,6.0,,
1.3002756212809796,4.916603713026031,7.0,,
1.2696642992655514,5.041572435895043,3.0,,
1.0567709427846095,5.166541158764054,3.0,,
2.697049832041222,5.291509881633065,3.0,,
2.536884713330088,5.4164786045020765,6.0,,
2.110965190305332,5.541447327371088,4.0,,
2.115009184922775,5.666416050240099,3.0,,
2.119053179540218,5.791384773109111,0.0,,
2.1028772010704455,5.916353495978122,1.0,,
1.930960936494507,,,,
1.9351046294912766,,,,
1.9392483224880457,,,,
1.9268172434977378,,,,
1.7431305918071516,,,,
2.5485217991710516,,,,
1.7473410521738355,,,,
1.7952598207315449,,,,
1.6858968593488344,,,,
2.0014371453121154,,,,
1.878965815555987,,,,
1.8192700138819962,,,,
1.8465339128617377,,,,
1.869644456782332,,,,
1.855270398298368,,,,
1.8554656912477854,,,,
1.9664699078975874,,,,
1.9456602612741387,,,,
2.5446427705573966,,,,
1.3328642688860057,,,,
1.9194110034781746,,,,
1.6517007503637182,,,,
1.5622647448987663,,,,
3.833388548872239,,,,
3.0619258005876073,,,,
1.6914939201871364,,,,
1.2320516781204849,,,,
1.32054334634985,,,,
1.4147743177337528,,,,
1.4888773384438916,,,,
2.0083783095142573,,,,
2.5407637419437425,,,,
2.5947820058767315,,,,
2.098345500189307,,,,
2.0283967450959843,,,,
1.9310849371027439,,,,
1.807370182986134,,,,
1.708017140229114,,,,
1.3710859587519286,,,,
1.3161485097404027,,,,
2.879196381860176,,,,
2.553663044833251,,,,
1.2219318097621021,,,,
1.2010741298333416,,,,
1.1408682329843338,,,,
1.244319258385722,,,,
1.2275230156052475,,,,
1.3466907095848017,,,,
1.3792862745243846,,,,
1.7448011397848728,,,,
1.7137207336821527,,,,
1.415047498566432,,,,
1.1398029454319716,,,,
1.2063371051473486,,,,
1.222061640076553,,,,
1.2189375663987672,,,,
1.1178208419379445,,,,
1.42469191528605,,,,
1.2864341902878844,,,,
1.4860367941841215,,,,
1.7242889741453993,,,,
2.069905335836473,,,,
1.3333987463252812,,,,
1.6039881022712892,,,,
2.6152120390614892,,,,
3.264581770426773,,,,
2.3433042971894196,,,,
2.787476571179198,,,,
1.6148766423644343,,,,
1.0508226237592,,,,
2.267272814019851,,,,
1.9375627991081914,,,,
1.2200073941536966,,,,
1.8980317369804576,,,,
1.2155300904061836,,,,
1.2196505313906114,,,,
1.1702052395774785,,,,
1.2443731772971778,,,,
1.2015288787466007,,,,
2.0403301037435635,,,,
1.2365665725352155,,,,
1.1935688541365754,,,,
1.2468897995103743,,,,
1.3268949398448047,,,,
1.7179341533458858,,,,
1.7344527509742118,,,,
1.7069217549270022,,,,
0.9909415360222978,,,,
1.6363181634537645,,,,
3.6262250613810463,,,,
3.4129618738331997,,,,
3.389416094801918,,,,
3.268116011809315,,,,
3.544941858052687,,,,
3.2303008937930846,,,,
2.9122006646846965,,,,
2.5199786116815335,,,,
3.603744202966725,,,,
3.2704947464615106,,,,
3.113042089835365,,,,
2.628727688673742,,,,
3.9191486136823763,,,,
2.9440068420538705,,,,
2.9412641812473104,,,,
2.9448305801487575,,,,
2.5648633213456775,,,,
3.9717338752708535,,,,
3.15522146096502,,,,
3.0401015639311715,,,,
3.0447763452932004,,,,
3.305663162789318,,,,
1.794594640501241,,,,
1.740605748963482,,,,
2.0203678134420553,,,,
3.174956913653801,,,,
3.088341526002971,,,,
2.9379159798800107,,,,
2.7619721629075746,,,,
2.3193375517382737,,,,
2.0673531114290795,,,,
1.8152841756137572,,,,
3.5505736345093974,,,,
3.4331569145067693,,,,
3.379283311259909,,,,
3.311895949865706,,,,
1.6112912848074166,,,,
3.093429403311048,,,,
2.720978141936776,,,,
2.391655426402719,,,,
2.0882354660899796,,,,
1.9313779310309163,,,,
1.5348530675761347,,,,
1.7854413235069324,,,,
1.832426621493957,,,,
2.0203678134420553,,,,
2.0673531114290795,,,,
2.0882354660899796,,,,
1.999485458781155,,,,
2.7698895893496114,,,,
2.0988481139941655,,,,
2.6449634533842845,,,,
2.3526392448410913,,,,
4.0023795165813265,,,,
4.172422936321005,,,,
4.055194184386189,,,,
3.7888609353265172,,,,
4.141696525751943,,,,
3.05311925864383,,,,
2.699157323083733,,,,
3.6609146509403137,,,,
4.0140487503068325,,,,
1.7965077899382338,,,,
2.106068042401817,,,,
2.2224838638411137,,,,
2.2198380497174934,,,,
3.1718995468757085,,,,
3.483640553013229,,,,
3.3535550059598216,,,,
3.425476387105964,,,,
2.617418092741218,,,,
2.899530892145787,,,,
4.315824588802456,,,,
4.898913959643126,,,,
4.6577388837830025,,,,
4.80215971337399,,,,
4.756129268504067,,,,
2.396146296437295,,,,
4.510466385028232,,,,
2.704917008922542,,,,
1.8327626543984292,,,,
4.391373053803046,,,,
3.5391831992081593,,,,
3.3316630595861274,,,,
3.2359217314109956,,,,
3.204077345201707,,,,
3.052173284915063,,,,
4.026254454641105,,,,
4.370170269117302,,,,
3.276426578826285,,,,
3.1303354708674442,,,,
3.107482274509447,,,,
2.7067216807531036,,,,
5.591541675750461,,,,
5.4682429585247005,,,,
5.423852077039325,,,,
4.8875191974281735,,,,
4.806365973117175,,,,
4.860886088640922,,,,
4.596229127914628,,,,
3.3702954001247427,,,,
3.8166760290886232,,,,
3.3434059959789497,,,,
2.8513023111385007,,,,
2.143429744803255,,,,
1.815894991084781,,,,
3.3901806177855183,,,,
2.751923020874295,,,,
2.0671825533311106,,,,
1.0554573418582724,,,,
2.4403216313595575,,,,
1.8327626543984292,,,,
4.435283162081087,,,,
4.158585925324234,,,,
3.944841931995192,,,,
4.1295037663813305,,,,
5.139388414965593,,,,
4.491831604227712,,,,
4.34737682301511,,,,
4.187919310186033,,,,
4.283422376598495,,,,
4.355106302145455,,,,
4.643627113464934,,,,
4.352006589863936,,,,
3.8625293764200683,,,,
3.7855199303757407,,,,
4.427708450653655,,,,
4.057212969455694,,,,
4.0383657567096165,,,,
4.390223047893695,,,,
4.160198098690848,,,,
4.162058272558674,,,,
4.7104350929728325,,,,
5.083133380524027,,,,
4.251039454386234,,,,
4.349333517679068,,,,
4.633217793409614,,,,
1.6790368775824285,,,,
1.6945945036339594,,,,
4.581480262124003,,,,
2.4419567551940164,,,,
1.3896141473837116,,,,
1.1188095662794866,,,,
2.9531355390936764,,,,
2.4657218551198143,,,,
2.3185162077109784,,,,
2.3088443179531364,,,,
2.1237144623050206,,,,
2.152637602105532,,,,
1.7782339189268381,,,,
2.8619341453574476,,,,
2.2721513572085996,,,,
1.4496115041168969,,,,
1.3583134505558847,,,,
1.5162234363675609,,,,
1.6109358560305644,,,,
2.1255029534622647,,,,
2.151636368125925,,,,
1.414263035671988,,,,
1.4206249714548083,,,,
1.2811194764962492,,,,
1.426878942994564,,,,
2.659029365000497,,,,
2.678438338467654,,,,
2.7366652588691243,,,,
2.7237259432243532,,,,
2.6686285956604983,,,,
2.7400517454227016,,,,
2.8114748951849045,,,,
2.798488867955413,,,,
1.430561314720344,,,,
1.3957218741617157,,,,
1.570398731716072,,,,
1.7703277433811981,,,,
3.06789766618728,,,,
2.732259262418297,,,,
3.5715622499013535,,,,
2.6082150451992505,,,,
3.243461939075795,,,,
3.5893303380182027,,,,
3.14047960709017,,,,
3.124509775190444,,,,
3.0547843769271505,,,,
3.3594585408424598,,,,
3.0182660460429047,,,,
5.306265874578742,,,,
2.6004132229972226,,,,
1.9475357084815843,,,,
2.59906488703088,,,,
2.909647492007361,,,,
2.3475918253323234,,,,
2.9722556135281164,,,,
1.7837685218878592,,,,
2.566842998085456,,,,
1.9837607846649221,,,,
2.0614463685616835,,,,
2.4699324891992,,,,
2.8822731017244863,,,,
3.5743140910071536,,,,
4.34876354682725,,,,
1.4378772507541173,,,,
1.397020769143999,,,,
1.380925585144404,,,,
1.3952779436036526,,,,
1.4866827818509007,,,,
2.0764205831419567,,,,
1.538669114776283,,,,
1.5887837898604589,,,,
1.234866379588482,,,,
1.2565172693810815,,,,
1.5704170294141928,,,,
1.6305396694263476,,,,
1.700676191379449,,,,
1.847942341978227,,,,
4.339351110951515,,,,
3.1091845953071613,,,,
2.790807720221733,,,,
1.5538132722535372,,,,
0.8993856402501526,,,,
1.3851066979431454,,,,
1.7670070063723733,,,,
1.875187373449067,,,,
1.949807963811564,,,,
1.9536982994677792,,,,
1.9926279143578087,,,,
2.039939128216414,,,,
2.103324840663222,,,,
2.5505891422536098,,,,
2.485670977590647,,,,
2.5004224504059356,,,,
2.420410552418633,,,,
2.366117201672056,,,,
1.980002774679564,,,,
1.7853530871128467,,,,
1.5995938063727817,,,,
1.338712292011853,,,,
2.782303036489084,,,,
1.0619707157812235,,,,
0.9887947533255024,,,,
0.9444496963371479,,,,
1.0148755964575424,,,,
1.2486193060949555,,,,
1.7427471747559797,,,,
1.248966234275593,,,,
1.1054757459562168,,,,
1.2515691401883764,,,,
1.2722695606095629,,,,
1.5612938156744667,,,,
1.5715657509576793,,,,
1.4740532005335716,,,,
1.5043551367207142,,,,
1.2309398200907598,,,,
1.2809755910101133,,,,
1.0257831834089663,,,,
1.29751723953259,,,,
1.1343818046226193,,,,
1.5707820574801514,,,,
1.1959958197033218,,,,
1.2015740269439839,,,,
1.188413129488027,,,,
1.7706400728999057,,,,
1.228452611409934,,,,
1.4616348228265665,,,,
1.3050014234385274,,,,
0.8013842220624995,,,,
1.7564383207198193,,,,
1.1350743982244167,,,,
2.0786848110500857,,,,
1.2377462093816047,,,,
1.4383418376022388,,,,
1.477940767696247,,,,
1.6779064364795977,,,,
1.8504013427992465,,,,
1.089827338200714,,,,
1.1158876795024237,,,,
1.1189930793731722,,,,
1.1127621719837921,,,,
1.1239589424587333,,,,
1.0312363434149332,,,,
0.9707772772970736,,,,
0.8924536351743744,,,,
0.8504437658092181,,,,
0.6302387522006074,,,,
1.8358970780436368,,,,
1.8381428178922885,,,,
1.4025310728643303,,,,
1.0633029241743681,,,,
1.1422128309829385,,,,
1.235495683554102,,,,
1.2756928606849594,,,,
1.0869538126324247,,,,
1.0626692975348495,,,,
0.9456633836473276,,,,
1.617323210038653,,,,
1.0802268700625162,,,,
0.8832573643513371,,,,
1.4173744648187299,,,,
1.0559842264857184,,,,
1.3208591396187737,,,,
1.2996911067469632,,,,
1.377841612966886,,,,
0.7819674646695421,,,,
0.8013842220624995,,,,
0.9796809301061506,,,,
1.0415866245807457,,,,
1.1675061591906561,,,,
0.9424726610539581,,,,
0.6471309920975836,,,,
0.665180116050065,,,,
0.6730082321369906,,,,
0.8095696366593298,,,,
1.0268911708273973,,,,
1.405644934900393,,,,
2.661278140673663,,,,
1.4229977665457139,,,,
0.8068177785217882,,,,
0.8671040792632517,,,,
0.7528262351578217,,,,
0.7814963605817997,,,,
0.8076675552233513,,,,
0.7627925879020461,,,,
0.7580541951241955,,,,
0.7737380750233167,,,,
0.9030533781380856,,,,
1.0731177514639323,,,,
1.1981388709847558,,,,
0.7802988544612587,,,,
1.3640713606787203,,,,
1.1235368039759719,,,,
1.2912868155197064,,,,
1.2545136758717519,,,,
1.241646868939734,,,,
0.9571561811957255,,,,
0.9470222649868884,,,,
1.1337671058510455,,,,
1.0740481167575529,,,,
0.8259075845729367,,,,
1.247409131234426,,,,
1.2006882714614562,,,,
1.213003022963625,,,,
1.2376325259679628,,,,
1.6150793449913137,,,,
2.130410554487191,,,,
2.0254072099119487,,,,
1.9626733582775073,,,,
2.007585475172386,,,,
2.012282663797874,,,,
1.8434197829197307,,,,
1.218391349372684,,,,
1.9194260446276126,,,,
1.6551361833503695,,,,
1.561469523744881,,,,
1.3885460154648948,,,,
1.2907389480477574,,,,
1.2444022744594643,,,,
1.2498540209561462,,,,
1.2739089778174164,,,,
2.611076157132608,,,,
3.033668214585616,,,,
2.845175102610846,,,,
1.9891058849560197,,,,
1.7070312364669746,,,,
2.3544027527676987,,,,
1.6381663007188527,,,,
2.2165429323040646,,,,
1.5916799704584197,,,,
1.65312933031889,,,,
2.1295054815048506,,,,
1.3237056263327,,,,
1.4276861611739178,,,,
1.3884177202053527,,,,
1.4843010020333167,,,,
1.7848964786004542,,,,
2.0178452252924193,,,,
2.1399244081796795,,,,
1.9502186135365203,,,,
1.3935119470949722,,,,
1.3834413668017598,,,,
1.562246537822785,,,,
1.1490874061418417,,,,
5.674400691764358,,,,
4.4886877262884095,,,,
4.433239564064549,,,,
4.210039222921943,,,,
3.9032067185116603,,,,
5.669138454226145,,,,
5.126050084174868,,,,
4.665234690821529,,,,
5.028048360948126,,,,
2.174378486525304,,,,
4.930972548043082,,,,
4.59456823075194,,,,
3.772711060358925,,,,
2.7048500268058593,,,,
2.18402052979298,,,,
1.7611931308536555,,,,
5.271453758387562,,,,
4.522053062612675,,,,
2.478092342047055,,,,
2.507019825363309,,,,
2.409097289711714,,,,
2.3511788485511524,,,,
2.3306674936572547,,,,
2.2664473122288755,,,,
2.226406517137157,,,,
2.1601835634374686,,,,
2.197101272858553,,,,
2.1562533691458894,,,,
2.036452769917387,,,,
1.4264063475082465,,,,
1.7730187690029406,,,,
1.6614205625880658,,,,
1.401712644679724,,,,
2.375534949700968,,,,
4.281980962971405,,,,
1.1779432667655605,,,,
1.1136096315031838,,,,
1.2823036657163598,,,,
1.4583593772012111,,,,
1.5017049011091075,,,,
1.009915481929692,,,,
1.0734447139568535,,,,
1.1964096182414616,,,,
1.3223513939142177,,,,
1.0486362030250875,,,,
2.2677410810971854,,,,
1.8224423679489627,,,,
1.888169797612696,,,,
1.918045902005302,,,,
2.1510795162676284,,,,
2.330336142623264,,,,
2.5095927689788997,,,,
2.688849395334535,,,,
2.897982126082777,,,,
1.2793270346158834,,,,
2.9637095557465103,,,,
3.860456159914745,,,,
3.981716373894524,,,,
0.9889414766011052,,,,
0.9063319148964218,,,,
4.444693488381175,,,,
4.014809964825246,,,,
3.4999505806978,,,,
1.8191706210176122,,,,
1.754239137148243,,,,
1.820611171584421,,,,
1.741570098477362,,,,
1.7314225573853208,,,,
1.0741924151366975,,,,
1.6055548478302846,,,,
1.1563308850131275,,,,
1.4918644157814192,,,,
2.0572221483622326,,,,
1.4759815369469542,,,,
1.6774193100577717,,,,
1.4605276122294695,,,,
1.5316461929061864,,,,
2.0400446781441914,,,,
1.0131981726970956,,,,
1.376965941608038,,,,
1.0971293870808312,,,,
1.2961239381064997,,,,
1.6520074149246775,,,,
1.7831549806862026,,,,
1.3787337488653022,,,,
1.6119278673911812,,,,
1.7046094916997432,,,,
1.7840103271326015,,,,
2.102275762240872,,,,
2.05028017603733,,,,
3.021614401286743,,,,
1.4419159170764888,,,,
1.787834447035005,,,,
2.3002517472564965,,,,
3.5713670875906467,,,,
1.5385062471900894,,,,
2.3369320617315408,,,,
2.530982959225276,,,,
2.42979633395431,,,,
2.3710827682631677,,,,
2.3424206457832493,,,,
2.283332195955183,,,,
2.190554252748469,,,,
2.1375756446545293,,,,
2.1460087099340175,,,,
2.0177548555221314,,,,
1.1568687446563803,,,,
1.3858448179884988,,,,
1.7107508434384664,,,,
1.0556409582123354,,,,
1.7730187690029406,,,,
0.7732782530097708,,,,
0.7734748322462001,,,,
1.266097788610156,,,,
5.376636227660505,,,,
5.551667376918026,,,,
4.147753650689816,,,,
1.4083200084976597,,,,
2.620530640576723,,,,
1.8464519696540476,,,,
1.4188751542900047,,,,
2.2156889877461317,,,,
1.4804637996991696,,,,
1.3546843364623598,,,,
1.417666946457669,,,,
1.6572233152075277,,,,
1.9705605944688673,,,,
2.2630656827103395,,,,
3.2046691746275284,,,,
3.6336127256562127,,,,
2.3252362870236327,,,,
1.165098474205089,,,,
1.793689352435793,,,,
1.2500477563774477,,,,
1.8770361809868787,,,,
1.9041416410569691,,,,
1.8052415187496897,,,,
1.7799609820485203,,,,
1.7170554883174645,,,,
1.6862960698179195,,,,
1.6397159325336805,,,,
1.664038494353766,,,,
1.6056429521694964,,,,
1.517092655350288,,,,
1.79770661036311,,,,
2.425226372083385,,,,
2.388909323596812,,,,
2.3240759223430696,,,,
2.276307901968456,,,,
2.1722922310086847,,,,
2.1049661616569484,,,,
2.046489691677602,,,,
2.0947518346819125,,,,
1.3715445649117755,,,,
1.2185858549929764,,,,
2.082592539765129,,,,
1.9435852168918384,,,,
2.479843458692704,,,,
1.3998321646390475,,,,
2.336591753804231,,,,
1.3889318941422948,,,,
1.310922972338946,,,,
1.3143756516981902,,,,
1.1686469527477554,,,,
1.2500632818579978,,,,
2.3530754450100204,,,,
1.0343063362141143,,,,
1.1527808692335662,,,,
1.1774058524537343,,,,
1.2062353226788585,,,,
1.2749814868119778,,,,
1.3574606199503927,,,,
2.8712724610353932,,,,
1.2293516014705363,,,,
2.0409046272424027,,,,
1.7801042745526159,,,,
1.46840141626097,,,,
1.56983374543808,,,,
1.2546827373680947,,,,
1.426131821815275,,,,
1.6298912108685022,,,,
2.1278600744793095,,,,
1.248571322264499,,,,
2.289892266972341,,,,
1.7730187690029406,,,,
2.3210151013823532,,,,
1.8571653317912533,,,,
1.858154666600599,,,,
3.141669173020518,,,,
1.9227989389397249,,,,
2.143429744803255,,,,
2.0644806110862612,,,,
2.1237144623050206,,,,
1.7769675858604081,,,,
1.8225358747961595,,,,
3.146278475764535,,,,
1.42469191528605,,,,
1.9534733528517123,,,,
2.7919958543406675,,,,
1.9371447330369185,,,,
1.7665663352848415,,,,
1.3710859587519286,,,,
1.4219355110963718,,,,
1.4139387377963468,,,,
1.8035138888728395,,,,
2.2488241807130462,,,,
3.1857136382283318,,,,
1.7967671748278145,,,,
1.9526127511825513,,,,
2.3185162077109784,,,,
1.6790368775824285,,,,
1.5009103634934295,,,,
2.13784188566045,,,,
1.997794351794188,,,,
2.321627205291917,,,,
2.566842998085456,,,,
2.3088443179531364,,,,
2.0377130048182917,,,,
2.0435036061165985,,,,
1.9366025192186282,,,,
2.4445408364164436,,,,
1.7782339189268381,,,,
1.6524671996277323,,,,
1.8496824964627385,,,,
1.9849373622427064,,,,
2.152637602105532,,,,
1.4297585560859076,,,,
1.2565172693810815,,,,
2.4710156190315624,,,,
1.956173636131809,,,,
1.847942341978227,,,,
2.1527260645420783,,,,
2.7366652588691243,,,,
1.8464519696540476,,,,
2.4556452311240364,,,,
2.697049832041222,,,,
2.511133573274349,,,,
1.9852193731695544,,,,
2.520493463249614,,,,
2.7845720819590474,,,,
2.7862960245199764,,,,
2.5191373906607395,,,,
1.3730845561495066,,,,
1.8443635758599493,,,,
2.42979633395431,,,,
1.701075281868174,,,,
1.758178428310132,,,,
2.061411553664853,,,,
2.6725539901050492,,,,
1.2394981010889092,,,,
1.131170469986902,,,,
1.632909123734874,,,,
1.9382805617345489,,,,
2.4256401478951166,,,,
1.5525553729487747,,,,
2.611076157132608,,,,
1.5040950697472812,,,,
2.0837547740038667,,,,
1.7431305918071516,,,,
3.033668214585616,,,,
1.7660203060378636,,,,
2.1255029534622647,,,,
1.6524997599940825,,,,
2.151636368125925,,,,
2.2156889877461317,,,,
1.453735355731286,,,,
1.430561314720344,,,,
1.3328642688860057,,,,
1.3428130695799552,,,,
1.747061761701287,,,,
1.5630276439413648,,,,
2.52680583666625,,,,
2.845175102610846,,,,
2.5032771176321447,,,,
1.6914939201871364,,,,
2.8869143677686404,,,,
2.8816660409849275,,,,
1.8056018617199676,,,,
2.0572221483622326,,,,
2.0251840753093053,,,,
2.0279851815122787,,,,
1.8991844522125307,,,,
1.348151949936647,,,,
2.0874345987170524,,,,
3.3434059959789497,,,,
3.307113963357598,,,,
4.0383657567096165,,,,
4.0140487503068325,,,,
4.171641559915834,,,,
4.283422376598495,,,,
3.467783283599425,,,,
4.057212969455694,,,,
3.5116409175022594,,,,
3.6336127256562127,,,,
4.146109377505151,,,,
4.297193756496692,,,,
4.34737682301511,,,,
3.318977573356496,,,,
3.301430321512608,,,,
2.2198380497174934,,,,
3.096553262993001,,,,
3.0665738757489205,,,,
3.3901806177855183,,,,
3.1103697962981696,,,,
4.36340956823662,,,,
2.9412641812473104,,,,
3.1140977495954716,,,,
3.1202149978764604,,,,
3.17005137649552,,,,
3.1502019504464664,,,,
3.2046691746275284,,,,
3.0541278572955393,,,,
3.158484328252861,,,,
4.173075773132262,,,,
3.8166760290886232,,,,
4.7005762821056845,,,,
5.591541675750461,,,,
3.3430904636784082,,,,
4.582191870591894,,,,
5.4682429585247005,,,,
5.551667376918026,,,,
4.360095467949749,,,,
4.736068209076508,,,,
5.139388414965593,,,,
5.376636227660505,,,,
5.413232958941088,,,,
4.985490642321837,,,,
2.51381391703096,,,,
4.315824588802456,,,,
4.8875191974281735,,,,
4.116465554778684,,,,
3.9191486136823763,,,,
4.6577388837830025,,,,
2.899530892145787,,,,
3.736050620888659,,,,
4.510466385028232,,,,
4.7104350929728325,,,,
3.74574379420845,,,,
5.306265874578742,,,,
4.596229127914628,,,,
4.026254454641105,,,,
4.435283162081087,,,,
4.4388707408653865,,,,
4.860886088640922,,,,
4.898913959643126,,,,
5.6851076647553525,,,,
4.806365973117175,,,,
4.756129268504067,,,,
2.8417379030259537,,,,
2.5345162759157933,,,,
2.9722556135281164,,,,
2.7135383815504244,,,,
2.790807720221733,,,,
4.163407258484215,,,,
2.4693032486883513,,,,
2.491725997305402,,,,
2.4724452483506187,,,,
2.106775942433806,,,,
2.1028772010704455,,,,
2.4800705252695128,,,,
1.8878090201780355,,,,
2.3331154048004223,,,,
2.3252362870236327,,,,
2.6959487405269575,,,,
3.0182660460429047,,,,
2.0400289684113515,,,,
2.4221383444684417,,,,
1.9705605944688673,,,,
2.6082150451992505,,,,
1.6365226537221922,,,,
2.355813670179653,,,,
2.4657218551198143,,,,
2.9391298299182087,,,,
4.043559720118392,,,,
3.124509775190444,,,,
2.751923020874295,,,,
4.055112187194163,,,,
2.561977243613895,,,,
3.1091845953071613,,,,
2.5648633213456775,,,,
3.5893303380182027,,,,
2.676266303191887,,,,
3.9810327873209372,,,,
2.699157323083733,,,,
3.9865696896676974,,,,
2.8513023111385007,,,,
2.536884713330088,,,,
2.7083359428198532,,,,
5.9788378574126275,,,,
2.2630656827103395,,,,
2.620530640576723,,,,
3.14047960709017,,,,
1.8456861208956403,,,,
2.704917008922542,,,,
4.535262261813743,,,,
2.3615375563867986,,,,
2.8759957506591243,,,,
3.0765435238612318,,,,
3.9864603354948067,,,,
3.243461939075795,,,,
2.661278140673663,,,,
3.0767311058751208,,,,
3.961149476221824,,,,
2.401497080298793,,,,
2.330633053478895,,,,
1.2563941957729141,,,,
1.4229977665457139,,,,
1.0892772051180233,,,,
1.4042317459819664,,,,
1.6647958523276136,,,,
1.1122117373094904,,,,
0.9707772772970736,,,,
1.2541486667829604,,,,
1.7417771166321796,,,,
1.1268549872853961,,,,
1.1392689924328094,,,,
1.1038533274535993,,,,
1.1054757459562168,,,,
1.0846420617965815,,,,
1.1747891292499362,,,,
1.246908728432824,,,,
1.3208591396187737,,,,
1.5612938156744667,,,,
1.2238135167861721,,,,
2.354765005202495,,,,
1.2996911067469632,,,,
1.4740532005335716,,,,
1.0228375067149282,,,,
1.8714031312827573,,,,
1.2486193060949555,,,,
1.0312363434149332,,,,
1.9134066406062586,,,,
1.9488693201557046,,,,
1.8503711741777003,,,,
1.173186942776938,,,,
1.1578771000942298,,,,
1.4804637996991696,,,,
1.1490874061418417,,,,
1.8149272915857615,,,,
1.148944790721085,,,,
1.334353847155638,,,,
1.377841612966886,,,,
1.0619707157812235,,,,
1.1912426514929235,,,,
1.8276110806784744,,,,
1.139019716068251,,,,
1.3935119470949722,,,,
1.3564307923538304,,,,
1.0602977615492621,,,,
0.875875843830825,,,,
0.8934167878657073,,,,
0.8695411865928941,,,,
1.1422128309829385,,,,
0.9456633836473276,,,,
0.8832573643513371,,,,
1.235495683554102,,,,
0.8731980409480247,,,,
1.0559842264857184,,,,
1.2251589403183387,,,,
0.8234962995461222,,,,
1.0633029241743681,,,,
4.515842611421212,,,,
0.6666056035579437,,,,
0.623298839381944,,,,
0.7479524023867576,,,,
1.2498540209561462,,,,
0.7380115406554669,,,,
0.7737361366083927,,,,
0.7997395964784039,,,,
0.7912751331975526,,,,
0.788287423339048,,,,
1.0869538126324247,,,,
0.7431366207989077,,,,
1.5443950072798205,,,,
1.3237056263327,,,,
1.2311400642476689,,,,
0.8122161050895179,,,,
2.548476495021465,,,,
1.332457925559035,,,,
1.65312933031889,,,,
1.3640713606787203,,,,
1.338712292011853,,,,
0.9444496963371479,,,,
1.4913356039386876,,,,
1.0802268700625162,,,,
1.2515691401883764,,,,
0.8924536351743744,,,,
0.9576187989730071,,,,
1.562246537822785,,,,
1.6890611635032862,,,,
1.3884177202053527,,,,
0.9526288615499987,,,,
1.4276861611739178,,,,
1.5916799704584197,,,,
1.0626692975348495,,,,
0.9489201051972829,,,,
1.1913328155006695,,,,
0.9233358832792644,,,,
0.8504437658092181,,,,
1.2378060630216579,,,,
1.2691444088350725,,,,
1.7070312364669746,,,,
1.561469523744881,,,,
1.6381663007188527,,,,
1.2906366874052286,,,,
2.1375756446545293,,,,
1.820611171584421,,,,
1.7448011397848728,,,,
1.1669942041942742,,,,
2.3900107168646225,,,,
1.7270134259039618,,,,
1.2929286537631373,,,,
1.4765025476182927,,,,
2.3102826467739552,,,,
1.1828701589079174,,,,
1.244319258385722,,,,
2.7866321371982288,,,,
2.0177548555221314,,,,
2.539447136963812,,,,
1.9343661115499369,,,,
2.140119939009257,,,,
2.1834546811016677,,,,
1.6971103302406991,,,,
2.14286049107666,,,,
1.6302316681467812,,,,
1.4925297034269316,,,,
1.6148766423644343,,,,
2.10540144952679,,,,
1.7427471747559797,,,,
2.1377922410579715,,,,
2.402296991596412,,,,
2.5303113730889297,,,,
2.315491804348918,,,,
1.8251866633610507,,,,
2.422555933788316,,,,
1.8210609339128896,,,,
1.2313736352574836,,,,
1.2957998580562222,,,,
1.405949256851243,,,,
2.6138337185557785,,,,
2.3544027527676987,,,,
1.3536685265468915,,,,
1.7872271531168569,,,,
1.835154346196038,,,,
1.813980038309782,,,,
1.7411106711512294,,,,
2.2866234010617736,,,,
1.3296379023693234,,,,
1.6473008410929832,,,,
1.7469242777703438,,,,
1.2189375663987672,,,,
2.5519196017729464,,,,
1.7951144367755132,,,,
2.4035633541297865,,,,
1.5420477132838684,,,,
1.0673168882359287,,,,
0.9957240561616717,,,,
1.5617450928551941,,,,
1.9945702422568237,,,,
1.4234002086017545,,,,
1.0343063362141143,,,,
1.1897132307023797,,,,
1.7289794847641136,,,,
1.5080878596439733,,,,
2.0178452252924193,,,,
1.1239589424587333,,,,
1.0567709427846095,,,,
1.4703950914850943,,,,
1.6942937397056526,,,,
1.6574745888427096,,,,
1.9489633843519878,,,,
1.7848964786004542,,,,
1.4173744648187299,,,,
1.3546843364623598,,,,
1.6551361833503695,,,,
1.1878961360225986,,,,
1.489859933478818,,,,
1.8009380700491584,,,,
1.010874847195436,,,,
1.1542507758214142,,,,
1.865679846406574,,,,
1.1486886365402287,,,,
1.9804243540138675,,,,
1.6743365232234662,,,,
1.4188751542900047,,,,
2.1399244081796795,,,,
2.1387449473932905,,,,
1.2309398200907598,,,,
1.4246915404941456,,,,
2.056352959851433,,,,
1.4067503323107318,,,,
1.4782253589846444,,,,
1.308757402395195,,,,
1.5022342099435306,,,,
1.7075151099939923,,,,
1.1403368987867035,,,,
1.405644934900393,,,,
1.7451528795606084,,,,
1.8523184723415689,,,,
1.7861828500402697,,,,
1.1125703328383354,,,,
1.2792206492622507,,,,
1.1322545815549387,,,,
1.2350532314118003,,,,
1.2546827373680947,,,,
2.1085928109074414,,,,
1.2044404600062188,,,,
1.9319179645312323,,,,
4.633217793409614,,,,
