line0_x,line0_y,errorbar1_x,errorbar1_y,scatter2_x,scatter2_y,errorbar3_x,errorbar3_y,scatter4_x,scatter4_y,errorbar5_x,errorbar5_y,scatter6_x,scatter6_y,errorbar7_x,errorbar7_y,scatter8_x,scatter8_y,errorbar9_x,errorbar9_y,scatter10_x,scatter10_y,ref_line_value,ref_line_label
1.3,1.493055429582871,1.49,2.281403997400894,1.49,2.281403997400894,1.34,1.6575857889979435,1.34,1.6575857889979435,1.36,1.1303562605062458,1.36,1.1303562605062458,1.44,0.9062445898613923,1.44,0.9062445898613923,1.61,0.6589788110454278,1.61,0.6589788110454278,1.0,
1.3036363636363637,1.482350925332157,,,,,,,,,,,,,,,,,,,,,,
1.3072727272727274,1.4716464210814433,,,,,,,,,,,,,,,,,,,,,,
1.310909090909091,1.4609419168307292,,,,,,,,,,,,,,,,,,,,,,
1.3145454545454547,1.4502374125800155,,,,,,,,,,,,,,,,,,,,,,
1.3181818181818181,1.4395329083293018,,,,,,,,,,,,,,,,,,,,,,
1.3218181818181818,1.4288284040785881,,,,,,,,,,,,,,,,,,,,,,
1.3254545454545454,1.418123899827874,,,,,,,,,,,,,,,,,,,,,,
1.329090909090909,1.4074193955771603,,,,,,,,,,,,,,,,,,,,,,
1.3327272727272728,1.3967148913264467,,,,,,,,,,,,,,,,,,,,,,
1.3363636363636364,1.3860103870757325,,,,,,,,,,,,,,,,,,,,,,
1.34,1.3753058828250189,,,,,,,,,,,,,,,,,,,,,,
1.3436363636363637,1.3646013785743047,,,,,,,,,,,,,,,,,,,,,,
1.3472727272727274,1.353896874323591,,,,,,,,,,,,,,,,,,,,,,
1.3509090909090908,1.3431923700728774,,,,,,,,,,,,,,,,,,,,,,
1.3545454545454545,1.3324878658221637,,,,,,,,,,,,,,,,,,,,,,
1.3581818181818182,1.3217833615714496,,,,,,,,,,,,,,,,,,,,,,
1.3618181818181818,1.3110788573207355,,,,,,,,,,,,,,,,,,,,,,
1.3654545454545455,1.3003743530700218,,,,,,,,,,,,,,,,,,,,,,
1.3690909090909091,1.2896698488193081,,,,,,,,,,,,,,,,,,,,,,
1.3727272727272728,1.2789653445685945,,,,,,,,,,,,,,,,,,,,,,
1.3763636363636365,1.2682608403178808,,,,,,,,,,,,,,,,,,,,,,
1.3800000000000001,1.2575563360671662,,,,,,,,,,,,,,,,,,,,,,
1.3836363636363636,1.2468518318164534,,,,,,,,,,,,,,,,,,,,,,
1.3872727272727272,1.2361473275657389,,,,,,,,,,,,,,,,,,,,,,
1.3909090909090909,1.2254428233150252,,,,,,,,,,,,,,,,,,,,,,
1.3945454545454545,1.2147383190643115,,,,,,,,,,,,,,,,,,,,,,
1.3981818181818182,1.2040338148135978,,,,,,,,,,,,,,,,,,,,,,
1.4018181818181819,1.1933293105628842,,,,,,,,,,,,,,,,,,,,,,
1.4054545454545455,1.1826248063121696,,,,,,,,,,,,,,,,,,,,,,
1.4090909090909092,1.171920302061456,,,,,,,,,,,,,,,,,,,,,,
1.4127272727272728,1.1612157978107422,,,,,,,,,,,,,,,,,,,,,,
1.4163636363636363,1.1505112935600286,,,,,,,,,,,,,,,,,,,,,,
1.42,1.139806789309315,,,,,,,,,,,,,,,,,,,,,,
1.4236363636363636,1.1291022850586012,,,,,,,,,,,,,,,,,,,,,,
1.4272727272727272,1.1183977808078867,,,,,,,,,,,,,,,,,,,,,,
1.430909090909091,1.107693276557173,,,,,,,,,,,,,,,,,,,,,,
1.4345454545454546,1.0969887723064593,,,,,,,,,,,,,,,,,,,,,,
1.4381818181818182,1.0862842680557456,,,,,,,,,,,,,,,,,,,,,,
1.4418181818181819,1.075579763805032,,,,,,,,,,,,,,,,,,,,,,
1.4454545454545453,1.0648752595543183,,,,,,,,,,,,,,,,,,,,,,
1.449090909090909,1.0541707553036046,,,,,,,,,,,,,,,,,,,,,,
1.4527272727272726,1.04346625105289,,,,,,,,,,,,,,,,,,,,,,
1.4563636363636363,1.0327617468021764,,,,,,,,,,,,,,,,,,,,,,
1.46,1.0220572425514627,,,,,,,,,,,,,,,,,,,,,,
1.4636363636363636,1.011352738300749,,,,,,,,,,,,,,,,,,,,,,
1.4672727272727273,1.0006482340500353,,,,,,,,,,,,,,,,,,,,,,
1.470909090909091,0.9899437297993208,,,,,,,,,,,,,,,,,,,,,,
1.4745454545454546,0.9792392255486071,,,,,,,,,,,,,,,,,,,,,,
1.478181818181818,0.9685347212978934,,,,,,,,,,,,,,,,,,,,,,
1.4818181818181817,0.9578302170471797,,,,,,,,,,,,,,,,,,,,,,
1.4854545454545454,0.9471257127964661,,,,,,,,,,,,,,,,,,,,,,
1.489090909090909,0.9364212085457524,,,,,,,,,,,,,,,,,,,,,,
1.4927272727272727,0.9257167042950378,,,,,,,,,,,,,,,,,,,,,,
1.4963636363636363,0.9150122000443242,,,,,,,,,,,,,,,,,,,,,,
1.5,0.9043076957936105,,,,,,,,,,,,,,,,,,,,,,
1.5036363636363637,0.8936031915428968,,,,,,,,,,,,,,,,,,,,,,
1.5072727272727273,0.8828986872921831,,,,,,,,,,,,,,,,,,,,,,
1.5109090909090908,0.8721941830414695,,,,,,,,,,,,,,,,,,,,,,
1.5145454545454544,0.8614896787907558,,,,,,,,,,,,,,,,,,,,,,
1.518181818181818,0.8507851745400412,,,,,,,,,,,,,,,,,,,,,,
1.5218181818181817,0.8400806702893275,,,,,,,,,,,,,,,,,,,,,,
1.5254545454545454,0.8293761660386139,,,,,,,,,,,,,,,,,,,,,,
1.529090909090909,0.8186716617879002,,,,,,,,,,,,,,,,,,,,,,
1.5327272727272727,0.8079671575371856,,,,,,,,,,,,,,,,,,,,,,
1.5363636363636364,0.797262653286472,,,,,,,,,,,,,,,,,,,,,,
1.54,0.7865581490357583,,,,,,,,,,,,,,,,,,,,,,
1.5436363636363635,0.7758536447850446,,,,,,,,,,,,,,,,,,,,,,
1.5472727272727271,0.7651491405343309,,,,,,,,,,,,,,,,,,,,,,
1.5509090909090908,0.7544446362836172,,,,,,,,,,,,,,,,,,,,,,
1.5545454545454545,0.7437401320329036,,,,,,,,,,,,,,,,,,,,,,
1.5581818181818181,0.733035627782189,,,,,,,,,,,,,,,,,,,,,,
1.5618181818181818,0.7223311235314753,,,,,,,,,,,,,,,,,,,,,,
1.5654545454545454,0.7116266192807617,,,,,,,,,,,,,,,,,,,,,,
1.569090909090909,0.700922115030048,,,,,,,,,,,,,,,,,,,,,,
1.5727272727272728,0.6902176107793343,,,,,,,,,,,,,,,,,,,,,,
1.5763636363636362,0.6795131065286206,,,,,,,,,,,,,,,,,,,,,,
1.58,0.6688086022779061,,,,,,,,,,,,,,,,,,,,,,
1.5836363636363635,0.6581040980271924,,,,,,,,,,,,,,,,,,,,,,
1.5872727272727272,0.6473995937764787,,,,,,,,,,,,,,,,,,,,,,
1.5909090909090908,0.636695089525765,,,,,,,,,,,,,,,,,,,,,,
1.5945454545454545,0.6259905852750514,,,,,,,,,,,,,,,,,,,,,,
1.5981818181818181,0.6152860810243368,,,,,,,,,,,,,,,,,,,,,,
1.6018181818181818,0.6045815767736231,,,,,,,,,,,,,,,,,,,,,,
1.6054545454545455,0.5938770725229094,,,,,,,,,,,,,,,,,,,,,,
1.609090909090909,0.5831725682721958,,,,,,,,,,,,,,,,,,,,,,
1.6127272727272728,0.5724680640214821,,,,,,,,,,,,,,,,,,,,,,
1.6163636363636362,0.5617635597707684,,,,,,,,,,,,,,,,,,,,,,
1.6199999999999999,0.5510590555200547,,,,,,,,,,,,,,,,,,,,,,
1.6236363636363635,0.5403545512693402,,,,,,,,,,,,,,,,,,,,,,
1.6272727272727272,0.5296500470186265,,,,,,,,,,,,,,,,,,,,,,
1.6309090909090909,0.5189455427679128,,,,,,,,,,,,,,,,,,,,,,
1.6345454545454545,0.5082410385171992,,,,,,,,,,,,,,,,,,,,,,
1.6381818181818182,0.4975365342664855,,,,,,,,,,,,,,,,,,,,,,
1.6418181818181816,0.4868320300157718,,,,,,,,,,,,,,,,,,,,,,
1.6454545454545455,0.47612752576505724,,,,,,,,,,,,,,,,,,,,,,
1.649090909090909,0.46542302151434356,,,,,,,,,,,,,,,,,,,,,,
1.6527272727272726,0.4547185172636299,,,,,,,,,,,,,,,,,,,,,,
1.6563636363636363,0.4440140130129162,,,,,,,,,,,,,,,,,,,,,,
1.66,0.43330950876220253,,,,,,,,,,,,,,,,,,,,,,
