scatter0_x,scatter0_y,scatter1_x,scatter1_y,scatter2_x,scatter2_y,scatter3_x,scatter3_y,scatter4_x,scatter4_y,scatter5_x,scatter5_y,scatter6_x,scatter6_y,scatter7_x,scatter7_y,scatter8_x,scatter8_y,ref_line_value,ref_line_label
0.9689831213724697,70.14016,0.9767642783462442,41.546608,0.9028247828127357,43.067047,0.933786945490369,18.425823,1.0085864165761607,22.417439,1.002,145.0,0.967,145.0,0.886,30.0,1.004,43.0,0.985,
0.9752899101577327,101.9993,0.9948021872575447,37.53063,0.91706240687268,40.875904,0.9703009004275095,48.21366,1.0067896807675298,26.358042,,,,,,,,,0.965,
0.9726983514947803,92.868675,0.9580227515608197,36.658295,0.9392812247753951,36.590313,0.970556082880972,45.933407,1.0053753166527266,30.68867,,,,,,,,,,
0.9701067928318281,82.80629,0.9518745131357371,44.30557,0.9392812247753951,36.338505,0.971407661294129,39.77038,1.0050248666610828,32.294834,,,,,,,,,,
0.9675152341688756,69.3427,0.9608990570525995,43.21682,0.9790166706104019,42.511314,0.9722607353913638,35.044006,1.0046756597147601,34.075817,,,,,,,,,,
0.9752899101577327,102.45421,0.9624198107038243,41.635216,0.9844035581224483,40.83866,0.9688573974002452,66.03942,1.004327689211849,37.255383,,,,,,,,,,
0.9701067928318281,83.3338,0.9678905918015043,40.138355,0.9844035581224483,40.494614,0.969705996221792,54.737343,1.003291131042045,46.18876,,,,,,,,,,
0.9675152341688756,69.816986,0.9703174886580843,38.919624,0.9844035581224483,42.987133,0.9703009004275095,48.266804,0.9416717568515662,32.11527,,,,,,,,,,
0.9793650833871748,128.1025,0.9723122025452297,38.158325,0.9877930440579413,40.67746,0.970556082880972,45.953957,0.9747351493731251,69.90773,,,,,,,,,,
0.9767695928834984,98.04759,0.9756550132347046,37.385796,0.9844035581224483,49.750526,0.971407661294129,39.71387,0.9754171911609711,67.530594,,,,,,,,,,
0.9741741023798222,91.00729,0.9781210530199942,36.74372,0.9540062986079785,34.715363,0.9722607353913638,34.944263,0.9761001880938637,65.3323,,,,,,,,,,
0.971578611876146,81.809044,0.9808255351942433,36.02114,1.0241328797925655,32.9255,0.9688573974002452,66.80379,0.987159694524467,35.823246,,,,,,,,,,
0.9689831213724697,69.61998,0.988111147340533,35.020798,0.9620884284672825,44.56174,0.969705996221792,55.123066,0.9767841421796151,61.39907,,,,,,,,,,
0.9793650833871748,128.22171,1.0510574870970408,40.510113,0.9846383040628809,45.68516,0.9703009004275095,48.374016,0.9776404338509059,59.048523,,,,,,,,,,
0.9767695928834984,98.455185,1.0500982879187521,39.223656,0.9663204890030626,55.146202,0.970556082880972,45.96589,0.9784982281648889,56.721302,,,,,,,,,,
0.9741741023798222,91.41054,1.0491184622876724,37.987045,0.9839540745688118,113.87594,0.971407661294129,39.499073,0.9802183405700005,51.75072,,,,,,,,,,
0.971578611876146,82.332886,1.0455602842023954,34.958748,0.9874816381279267,127.71926,0.9722607353913638,34.6034,0.9836767722151567,42.895737,,,,,,,,,,
0.9726983514947803,93.291504,1.0453023136235002,35.202633,0.9915113255255614,135.69829,0.985588795035649,37.792976,0.987159694524467,35.84801,,,,,,,,,,
0.9639333007684536,124.026535,1.0446534810827406,34.456932,0.9898319364240615,132.86832,0.9530115988446337,37.05191,0.9906673685659244,32.409176,,,,,,,,,,
0.962265596095844,122.762184,1.0433291232213273,29.43873,0.9705525495388422,57.256878,0.9520291126602577,44.450775,0.9747351493731251,69.90575,,,,,,,,,,
0.9555947774054048,101.04602,1.0185049731793445,27.49909,0.9790166706104019,51.853546,0.9510863228873718,44.048428,0.9754171911609711,67.530594,,,,,,,,,,
0.9539270727327951,75.19652,0.9805995905881171,36.6307,0.9790166706104019,43.635826,0.950180871323313,43.748714,0.9761001880938637,65.31752,,,,,,,,,,
0.9614317437595391,121.22898,0.9861350417389565,42.298412,0.9511145489105782,41.040253,0.9493105829267905,43.48935,0.9767841421796151,61.39907,,,,,,,,,,
0.9489239587149657,123.70681,1.0242499573491375,40.09371,0.9511145489105782,40.980534,0.969705996221792,54.589134,0.9776404338509059,59.048523,,,,,,,,,,
0.9785987851374435,138.74318,1.0169871355167046,38.80298,0.9511145489105782,40.92129,0.9688573974002452,65.767136,0.9802183405700005,51.75072,,,,,,,,,,
0.9734118657815912,99.79582,1.0140824343567947,39.994595,0.9511145489105782,40.862526,0.9552042302963716,37.467678,0.9836767722151567,42.963554,,,,,,,,,,
0.9723744819104208,95.50685,1.0080474620495916,47.268463,0.9785846883185843,67.283104,0.9552042302963716,37.296345,0.987159694524467,35.84801,,,,,,,,,,
0.9713370980392505,91.380226,0.999995964748876,38.28408,0.9816760228055247,55.158092,0.9688573974002452,64.32998,0.9906673685659244,32.409176,,,,,,,,,,
0.9708184061036652,89.29931,1.026571847475767,39.752705,0.975357535846328,80.37158,0.969705996221792,50.84762,0.987159694524467,35.897263,,,,,,,,,,
0.9682249464257391,76.97383,1.0263731872591584,37.743977,0.9747846100746222,58.555836,0.969705996221792,50.808613,0.987159694524467,35.897263,,,,,,,,,,
0.9464224017060511,115.00429,1.0262426855667806,36.284668,0.9892528367338891,33.412437,0.969705996221792,50.731434,0.987159694524467,35.87268,,,,,,,,,,
0.977463519725451,138.51408,1.0260769471009534,35.06587,0.9904726306139555,36.586903,0.969705996221792,50.682304,0.987159694524467,35.87268,,,,,,,,,,
0.9712464372678332,92.50621,1.0258789723407107,34.244884,0.9916954363307628,40.61205,0.9702158694264454,45.076775,0.987159694524467,35.84801,,,,,,,,,,
0.9702102568582304,88.01515,0.9910075087951115,44.747925,0.9929212650530506,45.369404,0.9702158694264454,44.953197,0.987159694524467,35.84801,,,,,,,,,,
0.9696921666534288,85.6025,0.9955058051316688,44.04253,0.9827785021977617,43.5552,0.9702158694264454,44.66717,0.987159694524467,35.823246,,,,,,,,,,
0.9671017156294214,72.39279,1.0259797552666432,33.896706,0.9517456201752582,22.283554,0.9702158694264454,44.41604,0.9784982281648889,56.721302,,,,,,,,,,
0.9722826176774362,96.97424,1.0254086483564733,33.95157,0.9844035581224483,39.168556,0.970556082880972,41.861633,0.9537235384825523,45.779697,,,,,,,,,,
0.9454217789024851,109.58415,1.0433291232213273,30.69804,0.9844035581224483,39.247833,0.9688573974002452,63.99767,0.9729655280298236,48.470398,,,,,,,,,,
0.9439208446971364,100.57918,1.0315440102015516,32.6702,0.9844035581224483,39.325085,0.970556082880972,41.318798,0.972565473127012,61.085583,,,,,,,,,,
0.9389177306793071,72.66372,1.0197588971817757,34.527405,0.9844035581224483,37.96333,0.969064182482975,39.98851,0.9721735056135404,64.837,,,,,,,,,,
0.969350789386699,60.583595,1.007973784162,34.081627,0.9719041090029381,36.791862,0.9738756449557666,40.131096,0.9714128712389736,61.442436,,,,,,,,,,
0.9474750931170424,49.47461,0.9961886711422241,34.393074,0.9685786915588908,38.782627,0.9662678383370287,47.335857,0.9705034438674621,57.999084,,,,,,,,,,
0.9629127981069139,48.274757,1.0433291232213273,29.644245,0.9805214032453459,16.661066,0.9628763430806172,47.20302,0.9680211013526424,51.30893,,,,,,,,,,
0.9573020608296842,27.616825,1.0433291232213273,31.508905,0.9689665903834956,19.037697,0.9724378220299282,44.57718,0.9665446385843357,47.926254,,,,,,,,,,
0.9439208446971364,105.82516,1.0433291232213273,35.598946,0.9819967034571123,19.406464,0.9676570825552727,43.04156,0.9733739232293621,40.558052,,,,,,,,,,
0.9723744819104208,96.51012,1.0433291232213273,42.427025,0.9701368398887897,21.698063,0.9610383091650794,44.423065,0.9733739232293621,43.24421,,,,,,,,,,
0.9722826176774362,98.26573,1.0352098304336126,34.559544,0.968577134358422,33.140873,0.9608786492269312,43.80479,0.9625719931318722,41.80642,,,,,,,,,,
0.9734118657815912,101.359505,1.0469215009205646,33.301033,0.9693563597279781,31.975946,0.9605594008259358,42.662144,0.9525346202877036,20.68501,,,,,,,,,,
0.9712464372678332,93.36186,1.0370667581101274,49.837082,0.9701368398887897,31.215464,0.966260836059504,44.78599,0.9525346202877036,20.58067,,,,,,,,,,
0.9719472647154135,92.0095,1.025465330368623,38.891106,0.9709185778741957,30.708752,0.9662573364881036,43.653904,0.9382763058052264,24.053713,,,,,,,,,,
0.9745437400441278,81.24422,1.0370667581101274,35.691692,0.9323042054641574,20.702095,0.9688573974002452,63.651917,0.9405372125662027,27.820215,,,,,,,,,,
0.9696921666534288,86.01601,1.026571847475767,29.490362,0.9132256746565688,25.482037,0.9719632363841023,41.04837,0.9405372125662027,27.75304,,,,,,,,,,
0.968273277981335,85.01967,1.026571847475767,28.979437,0.8981141585732536,27.027248,0.9661531457863455,39.71641,1.0078638364183128,23.298346,,,,,,,,,,
0.9708184061036652,89.885254,1.026571847475767,28.843939,0.9080638745511167,26.22231,0.9659567539666165,22.646872,0.9517992299414209,20.082336,,,,,,,,,,
0.9741741023798222,93.23869,1.026571847475767,29.20927,0.8981141585732536,32.13138,0.9660063781052963,24.872242,0.932288147320514,22.352879,,,,,,,,,,
0.9701067928318281,85.35738,0.9920769724960903,38.79484,0.9080638745511167,31.653458,0.9660556489574564,28.540304,0.932288147320514,22.398838,,,,,,,,,,
0.9702102568582304,88.727585,0.9730416355520344,35.314716,0.9132256746565688,30.725042,0.9661045702824155,31.829056,0.9517992299414209,19.889471,,,,,,,,,,
0.9713370980392505,92.037735,1.0267204106953727,28.669687,0.9323042054641574,27.084728,0.9662013791232033,49.11571,0.9509502260290792,19.618038,,,,,,,,,,
0.9730204745179487,94.781906,1.0267204106953727,28.669687,0.9066290106409909,33.701317,0.9688573974002452,63.511208,1.0085864165761607,22.456995,,,,,,,,,,
0.9696921666534288,86.35791,1.0298801007294487,30.641293,0.9080638745511167,33.33494,0.966249273895651,68.54199,0.9641571260970957,39.237617,,,,,,,,,,
0.9723439778846852,80.750854,1.0298801007294487,30.456997,0.9132256746565688,34.32311,0.9563043338850644,39.58573,0.9271328817457819,19.433445,,,,,,,,,,
0.9454217789024851,112.85317,1.0298801007294487,30.641293,0.9155155042488238,32.546467,0.9552042302963716,40.103462,0.9271328817457819,19.387629,,,,,,,,,,
0.9785987851374435,140.32297,1.0369984996644614,32.139206,0.9173975598765621,32.603485,0.9563043338850644,39.058186,0.9271328817457819,19.342464,,,,,,,,,,
0.9579282866241883,140.2779,1.0247688557342125,32.97569,0.9205515739490236,31.266224,0.9552042302963716,37.60357,0.9331273527270344,18.992298,,,,,,,,,,
0.9489239587149657,121.893234,1.0111123094401462,37.08304,0.9228783357397953,30.333094,0.9545779894855209,60.994007,0.9272562919406361,23.890015,,,,,,,,,,
0.9788583423325115,124.71788,1.0262426855667806,34.897152,0.9252168894585556,29.764187,0.907138962824199,49.120533,0.9473857845023647,20.890892,,,,,,,,,,
0.9793650833871748,128.71866,1.0259953343977881,33.27021,0.9254300730736382,30.591412,0.9572443438776042,46.78518,0.948790076275265,21.26384,,,,,,,,,,
0.9614317437595391,120.40294,1.0257481024361896,32.890842,0.9275673249745011,28.746948,0.9543043398712093,43.660492,0.948790076275265,21.217093,,,,,,,,,,
0.9761413914571987,116.85315,1.0469215009205646,44.831776,0.9323042054641574,27.293743,0.8997152755179767,40.976086,0.9499602023950342,21.783733,,,,,,,,,,
0.9753824870101131,116.976074,0.9659345463755855,136.64108,0.9472562540423559,24.27262,0.895177834426526,41.682556,0.9509502260290792,19.527973,,,,,,,,,,
0.9464224017060511,116.37457,1.0549647640007473,82.45335,0.983198657806509,43.014946,0.9686716337451623,70.467094,0.9509502260290792,19.437366,,,,,,,,,,
0.9569352282853228,58.75181,1.0536591145403504,65.41738,0.9904726306139555,33.814053,0.9516840160264091,53.16439,0.9517992299414209,19.98595,,,,,,,,,,
0.9517423634046339,55.725136,1.052356692890733,45.597008,1.010406670978513,30.596142,0.9473795138449632,45.392418,0.932288147320514,24.118727,,,,,,,,,,
0.9575404328567829,53.87165,0.9705387192756534,47.416534,0.8981141585732536,32.984943,0.9371296693407812,115.903305,0.9462374380969072,27.283009,,,,,,,,,,
0.952636622433684,55.799885,1.0115717671354658,47.952164,0.9724858395011113,23.83251,0.9346719791925053,117.8371,0.9481952121125552,29.181238,,,,,,,,,,
0.9682249464257391,77.74901,0.9955058051316688,44.09649,0.9597052609652545,22.908854,0.9294858880434972,104.25017,0.9521437845680244,34.763405,,,,,,,,,,
0.9689831213724697,72.31615,0.9955058051316688,44.171482,0.9654727204662474,25.64954,0.9226283825457058,97.61637,0.9601756563917714,55.66465,,,,,,,,,,
0.9671017156294214,72.28696,0.9955058051316688,44.250687,0.9608532337654522,22.8633,0.9314794719775186,113.67246,0.9601756563917714,55.66465,,,,,,,,,,
0.9414712493981938,70.69669,0.9955058051316688,44.21055,0.9728495257501192,25.12191,0.9176920005095817,78.949905,0.9642604968362618,95.3149,,,,,,,,,,
0.9389177306793071,73.82511,0.9955058051316688,44.29194,0.9132256746565688,34.535248,0.9414712493981938,71.91089,0.9642604968362618,95.3149,,,,,,,,,,
0.9637083256330615,64.0794,0.9955058051316688,46.329285,0.9132256746565688,34.535248,0.9686716337451623,70.800156,0.9561370120531066,41.94828,,,,,,,,,,
0.9517865151221347,63.31485,0.9955058051316688,46.329285,0.9132256746565688,34.70989,0.9298723156050356,96.308655,0.966444922847352,34.857925,,,,,,,,,,
0.9576924950431239,60.4588,1.0173946765156259,45.04763,0.9132256746565688,34.883224,0.9745437400441278,78.00876,0.9652499368531047,35.80564,,,,,,,,,,
0.9579083969103931,61.588734,0.9910075087951115,46.15086,0.9132256746565688,35.224636,0.9745437400441278,78.45308,0.9819445112326396,30.597317,,,,,,,,,,
0.977463519725451,140.06923,0.994590819265632,43.60317,0.9132256746565688,35.556904,0.9745437400441278,78.89281,0.9448630917815884,29.402658,,,,,,,,,,
0.9584069852847077,35.74475,0.971576387122564,55.76114,0.9132256746565688,35.71885,0.9745437400441278,79.32523,0.9583390234759811,72.33281,,,,,,,,,,
,,0.9769759085515187,50.13566,0.9132256746565688,35.87762,0.9397721462901844,114.1841,0.9546123900969558,47.747986,,,,,,,,,,
,,0.9803811923038769,47.898643,0.9132256746565688,36.184654,0.9300736742290222,114.308914,0.9523502648358181,39.044243,,,,,,,,,,
,,0.9848437117366324,46.244843,0.9904726306139555,34.10926,0.9369311797268135,113.025314,0.9493053953635802,32.917175,,,,,,,,,,
,,0.9869170669192359,44.93818,1.010406670978513,30.650274,0.943788685224605,119.00315,0.955361232964073,50.14251,,,,,,,,,,
,,0.9886515433110096,44.149563,0.9892528367338891,29.829105,0.9636446005120537,51.386177,0.9416717568515662,31.164001,,,,,,,,,,
,,1.0127481020991187,42.36871,0.983198657806509,43.235573,0.9292899593149888,115.35305,0.9836767722151567,43.410614,,,,,,,,,,
,,0.9933376219842134,48.23939,0.9066290106409909,29.06684,0.9488112538938004,52.986717,0.9537235384825523,45.44146,,,,,,,,,,
,,0.9431314796947794,47.305405,0.9080638745511167,36.10797,0.969350789386699,60.583595,0.9604403130289719,34.838314,,,,,,,,,,
,,0.9470467996349043,47.31301,0.9155155042488238,32.489952,0.921869158722736,127.2312,1.004327689211849,43.01045,,,,,,,,,,
,,0.9917734672880634,47.642277,0.9173975598765621,32.59511,0.9347269815310949,118.291115,0.978663998899087,125.49353,,,,,,,,,,
,,0.9914521633462381,46.802166,0.9205515739490236,30.674297,0.9475848043394538,129.35269,0.9536591946071262,52.415264,,,,,,,,,,
,,0.9910075087951115,46.571938,0.9228783357397953,29.386297,0.9465579571973762,129.33633,0.9802183405700005,51.090385,,,,,,,,,,
,,1.0253997077432868,39.47358,0.9252168894585556,28.596848,0.940172942767403,124.661255,0.9596138739151179,47.93488,,,,,,,,,,
,,1.0080474620495916,41.233757,0.9254300730736382,25.953781,0.9337879283374294,117.930435,0.9665446385843357,49.58168,,,,,,,,,,
,,1.0080474620495916,41.162167,0.9275673249745011,27.658718,0.9575036962201877,118.252464,0.9729655280298236,48.748096,,,,,,,,,,
,,1.0080474620495916,41.090584,0.9323042054641574,23.03384,0.9706499437998767,43.66632,1.0036354313615512,51.05224,,,,,,,,,,
,,1.0080474620495916,41.01901,0.8981141585732536,27.36756,0.969064182482975,45.148796,0.9784982281648889,56.813812,,,,,,,,,,
,,0.9705387192756534,47.386127,0.9066290106409909,34.033527,0.9627945276419995,118.56636,0.9705034438674621,59.550842,,,,,,,,,,
,,0.9858227935949551,47.969776,0.9132256746565688,35.694496,0.9608344846048293,112.52335,0.9761001880938637,64.833084,,,,,,,,,,
,,0.9705387192756534,46.99154,0.9155155042488238,33.809593,0.9589427589502661,106.65071,0.9721735056135404,66.07411,,,,,,,,,,
,,1.0064610611128437,43.781796,0.9173975598765621,33.836357,0.9333087764904386,101.80992,0.9747351493731251,70.5955,,,,,,,,,,
,,1.0064610611128437,42.311543,0.9205515739490236,32.342663,0.9637218553407415,121.04042,0.9747351493731251,66.81881,,,,,,,,,,
,,0.9886093411581697,46.762806,0.9228783357397953,31.300283,0.961437342231009,114.46061,0.9601756563917714,54.880287,,,,,,,,,,
,,0.9862111735212278,46.34574,0.9252168894585556,30.75056,0.9589427589502661,106.65071,0.9714128712389736,63.01938,,,,,,,,,,
,,0.9838130058842858,44.80736,0.9254300730736382,31.40092,0.9564462735984183,100.45786,0.9767841421796151,59.65209,,,,,,,,,,
,,0.9814148382473439,44.133717,0.9472562540423559,23.987074,0.9539769791070379,95.919556,0.972565473127012,61.20144,,,,,,,,,,
,,0.9871986543129097,46.384724,0.9275673249745011,29.444519,0.9515723992571631,92.21831,0.9767841421796151,62.3579,,,,,,,,,,
,,0.9833897998307078,45.086437,0.9323042054641574,28.04566,0.9489728534735145,86.62566,0.9478800727377572,25.910503,,,,,,,,,,
,,0.975772090866304,44.414196,0.9080638745511167,33.70249,0.9468002795484033,83.04742,0.9483509339761154,25.435247,,,,,,,,,,
,,0.9814148382473439,44.44417,0.8981141585732536,33.077484,0.9441379494797719,78.2658,1.0085864165761607,22.428547,,,,,,,,,,
,,0.9814148382473439,44.56883,0.983198657806509,42.910812,0.9582828546521628,104.82051,0.949199988903205,24.251211,,,,,,,,,,
,,0.9795809453485059,44.791283,0.983198657806509,43.364464,0.9612834013444009,122.89586,0.9495894862184898,23.219858,,,,,,,,,,
,,1.0323759005323594,30.325718,0.9844035581224483,40.16647,0.9554681127012618,102.456314,0.9623346726207452,33.40243,,,,,,,,,,
,,1.0326705283578537,23.865429,0.9511145489105782,42.503876,0.9486869034373131,95.3983,1.0050248666610828,35.110718,,,,,,,,,,
,,1.0479524428220128,71.20595,0.9877930440579413,46.715218,0.9608344846048293,112.60176,0.9906673685659244,32.604275,,,,,,,,,,
,,1.0446092816547279,24.743359,0.9929212650530506,45.731087,0.9589427589502661,106.733505,0.9819445112326396,29.64027,,,,,,,,,,
,,1.0429456873068763,22.61298,0.9066290106409909,33.633327,0.9569159100346628,101.52028,0.9462374380969072,28.116226,,,,,,,,,,
,,1.0412873832541623,21.271744,0.91706240687268,40.182617,0.9194151513981693,114.08335,0.9462374380969072,28.1349,,,,,,,,,,
,,1.039634344301628,22.127987,0.9827785021977617,40.522137,0.9328166764281388,127.93034,0.9405372125662027,28.786194,,,,,,,,,,
,,1.0329651561833482,24.173971,0.9597711863926692,37.350483,0.9488112538938004,47.617012,,,,,,,,,,,,
,,1.037986545414049,25.087551,0.9844035581224483,40.03266,0.9928546160160825,56.34081,,,,,,,,,,,,
,,1.0314472553290563,29.36444,0.9844035581224483,49.238377,1.011679808875938,65.89467,,,,,,,,,,,,
,,1.0087163087068758,24.67218,0.9898319364240615,134.67493,1.0305050017357935,66.66744,,,,,,,,,,,,
,,1.0347065684839611,28.845242,0.9945342259082613,134.55037,0.9928546160160825,57.95283,,,,,,,,,,,,
,,1.033554411834337,23.42999,0.9898182191268498,137.5728,1.011679808875938,68.092125,,,,,,,,,,,,
,,1.0353221787873033,22.698603,0.9080638745511167,33.180504,1.0305050017357935,68.65112,,,,,,,,,,,,
,,1.0382684570422471,22.40363,0.9915113255255614,137.75804,0.9381845950261735,41.38031,,,,,,,,,,,,
,,1.0305555388693273,23.981659,0.8981141585732536,33.229954,0.9459557830579682,43.473484,,,,,,,,,,,,
,,1.0014534721570705,26.029673,0.9517456201752582,22.961563,0.9719632363841023,42.994606,,,,,,,,,,,,
,,1.0118139796583823,38.391014,0.9701368398887897,30.807495,0.9710227784872623,44.94877,,,,,,,,,,,,
,,1.0265553431052288,32.228325,1.010406670978513,22.429592,0.9719632363841023,56.17732,,,,,,,,,,,,
,,1.0265569935184018,29.029352,0.9819967034571123,20.62994,0.9725902083153288,52.48408,,,,,,,,,,,,
,,1.0412147352971912,23.004305,1.010406670978513,22.387196,0.9203475644761822,27.370243,,,,,,,,,,,,
,,1.0429825022501575,20.788609,0.9805214032453459,15.01183,0.9719632363841023,41.05238,,,,,,,,,,,,
,,1.044161013552135,24.376017,0.9745702575264658,19.086706,0.9687891909822673,41.82937,,,,,,,,,,,,
,,1.040180537525631,18.47147,0.9741624232666146,24.999714,0.940292443800602,23.800045,,,,,,,,,,,,
,,1.030081467640438,31.47203,0.9689665903834956,20.125805,0.9656151455804325,41.22718,,,,,,,,,,,,
,,1.029978780614945,24.794811,0.968577134358422,35.916805,0.9592670547767627,41.810047,,,,,,,,,,,,
,,1.0265569935184018,39.24016,0.9693563597279781,31.626835,0.9431027572826284,27.312344,,,,,,,,,,,,
,,1.0267005997817253,29.135015,0.8981141585732536,25.589785,0.9459668677195602,32.531513,,,,,,,,,,,,
,,1.0424775110780864,38.00906,0.9080638745511167,25.51595,0.9488112538938004,39.797386,,,,,,,,,,,,
,,1.0298681408160726,24.587666,0.9844035581224483,39.31841,0.9566584769540257,59.407623,,,,,,,,,,,,
,,1.0292844361794204,24.848764,0.9614371234520316,33.1829,0.9702158694264454,46.260754,,,,,,,,,,,,
,,1.028705370406722,25.013103,0.9173975598765621,32.191643,0.9438056636210207,49.90335,,,,,,,,,,,,
,,1.0281269558216197,24.859638,1.0050248666610828,34.06382,0.9610790922089958,57.352345,,,,,,,,,,,,
,,1.053137759214007,31.095758,0.9080638745511167,28.519848,0.9470951656895635,45.75375,,,,,,,,,,,,
,,1.0520965948450363,26.33042,0.9252168894585556,30.67218,0.9536591946071262,53.097748,,,,,,,,,,,,
,,1.0510574870970408,23.745987,0.9254300730736382,31.42068,0.9374879421382191,25.514542,,,,,,,,,,,,
,,1.0500204298823423,21.600784,0.9275673249745011,30.284489,0.9470951656895635,45.095497,,,,,,,,,,,,
,,1.0489854171372637,19.89465,0.9780557620882131,32.408634,0.9502585134318872,44.18327,,,,,,,,,,,,
,,1.0424775110780864,25.185535,0.9132256746565688,32.95162,0.9516727969757941,48.95201,,,,,,,,,,,,
,,0.9992704466858982,16.847744,0.9392812247753951,36.590313,0.9545892771383795,59.711823,,,,,,,,,,,,
,,1.0205907875125835,18.434439,0.9844035581224483,38.314987,0.9574858317030593,71.48375,,,,,,,,,,,,
,,1.0269681116388458,18.26173,0.9780557620882131,33.958916,0.9604000180687334,93.66245,,,,,,,,,,,,
,,1.0407781962696858,16.669287,0.9205515739490236,31.598963,0.9633703175567788,118.96185,,,,,,,,,,,,
,,1.0282084112905834,22.749136,0.9904726306139555,34.143555,0.9431137751814406,36.9869,,,,,,,,,,,,
,,1.0282084112905834,22.019701,0.9205515739490236,27.098154,0.9604114438304479,106.242004,,,,,,,,,,,,
,,1.0282084112905834,21.510433,0.9080638745511167,33.314655,0.9545779894855209,66.2987,,,,,,,,,,,,
,,1.0424774259778815,15.297651,0.9254300730736382,27.363123,0.9488112538938004,49.471405,,,,,,,,,,,,
,,1.040180537525631,18.470005,0.9252168894585556,26.119236,0.9241087387818823,23.419327,,,,,,,,,,,,
,,1.0331997142580136,17.168709,0.8981141585732536,30.742065,0.9235782490046318,23.651787,,,,,,,,,,,,
,,1.035411272315386,19.057133,0.9701368398887897,22.0251,0.9231360744302164,24.104858,,,,,,,,,,,,
,,1.0376323183363436,14.158478,0.9132256746565688,28.383701,0.9225345910672563,23.670324,,,,,,,,,,,,
,,1.0409818112938998,13.696561,0.9685786915588908,30.534184,0.9241087387818823,23.161327,,,,,,,,,,,,
,,1.0424774259778815,15.29133,0.9228783357397953,26.480259,0.9235782490046318,23.326775,,,,,,,,,,,,
,,1.0432268460795548,15.16239,0.9132256746565688,30.801666,0.9231360744302164,23.876226,,,,,,,,,,,,
,,1.044352998710259,16.64935,1.010406670978513,30.400692,0.9225345910672563,23.360987,,,,,,,,,,,,
,,1.0454815853087276,21.431713,0.9323042054641574,28.94727,0.8664904205953222,22.96106,,,,,,,,,,,,
,,1.0471790461852437,29.791616,0.9132256746565688,28.363132,0.8747054539282801,24.237309,,,,,,,,,,,,
,,1.0500204298823423,62.49587,0.8981141585732536,28.56314,0.8760897944612888,24.275274,,,,,,,,,,,,
,,1.0282084112905834,21.028946,0.9596820450361637,32.01398,0.881069841041901,25.311762,,,,,,,,,,,,
,,1.042715761008969,15.580315,0.952860482073256,29.903896,0.8832790428316117,25.637823,,,,,,,,,,,,
,,1.0421286319051621,14.962013,0.9797401060590766,29.888905,0.8850948288949932,25.64396,,,,,,,,,,,,
,,1.0420520985907014,14.9624,0.9915113255255614,139.33105,0.8881377861339173,26.243296,,,,,,,,,,,,
,,1.0420776084464776,14.901685,,,0.8903826196926194,28.065369,,,,,,,,,,,,
,,1.0415166799792068,14.372091,,,0.8926388299705784,28.53255,,,,,,,,,,,,
,,1.0414911975785417,14.367371,,,0.8928445071203412,29.249887,,,,,,,,,,,,
,,1.0420520985907014,15.031817,,,0.8949065036725822,28.81012,,,,,,,,,,,,
,,1.0420520985907014,15.132063,,,0.8994765925957012,29.142788,,,,,,,,,,,,
,,1.0431245889881924,18.689716,,,0.9139021605901604,23.325426,,,,,,,,,,,,
,,1.0430734679595728,21.348309,,,0.9254798128291631,25.12982,,,,,,,,,,,,
,,1.0430479093242058,22.18722,,,0.945608843463694,44.524113,,,,,,,,,,,,
,,1.04269021990031,15.525545,,,0.9376769163933542,42.195568,,,,,,,,,,,,
,,1.0282084112905834,19.730324,,,0.9336760542716822,38.68297,,,,,,,,,,,,
,,1.0285597467820917,21.809307,,,0.9409774552943859,45.011555,,,,,,,,,,,,
,,1.030041691697877,21.317411,,,0.9498190606019153,46.51523,,,,,,,,,,,,
,,1.0331997142580136,17.856176,,,0.9182334504507774,19.975422,,,,,,,,,,,,
,,1.031376275004445,18.25444,,,0.9225345910672563,17.45895,,,,,,,,,,,,
,,1.0296971048802324,17.90437,,,0.8664904205953222,20.932682,,,,,,,,,,,,
,,0.9518745131357371,36.52415,,,0.9254961951750937,25.596695,,,,,,,,,,,,
,,0.9624198107038243,40.306892,,,0.9275620242727665,35.38227,,,,,,,,,,,,
,,0.9678905918015043,37.548595,,,0.9296229011403562,36.82255,,,,,,,,,,,,
,,0.988111147340533,28.961819,,,0.9544199903700199,23.821316,,,,,,,,,,,,
,,0.9518745131357371,27.58161,,,0.9139021605901604,25.338842,,,,,,,,,,,,
,,0.9624198107038243,33.979023,,,0.9390012506225235,34.57849,,,,,,,,,,,,
,,0.9678905918015043,32.656242,,,0.9406593593013157,18.451763,,,,,,,,,,,,
,,0.988111147340533,26.946335,,,0.8760897944612888,19.869503,,,,,,,,,,,,
,,1.032948998481683,26.531963,,,0.881069841041901,20.74372,,,,,,,,,,,,
,,1.0306980200346285,23.778265,,,0.8994765925957012,23.719336,,,,,,,,,,,,
,,1.0171524068681042,25.520401,,,0.8664904205953222,18.07854,,,,,,,,,,,,
,,1.023265101620917,22.706793,,,0.8760897944612888,18.248789,,,,,,,,,,,,
,,1.0183690963500038,28.335484,,,0.881069841041901,18.822393,,,,,,,,,,,,
,,1.0121332358160384,32.21786,,,0.8994765925957012,20.771383,,,,,,,,,,,,
,,1.0257308006609676,25.571426,,,0.8664904205953222,19.06253,,,,,,,,,,,,
,,1.0360737051182582,36.25266,,,0.9382433803637484,31.598095,,,,,,,,,,,,
,,1.0369390228007067,33.29201,,,0.934096864821763,26.048529,,,,,,,,,,,,
,,1.0378057870995094,30.784903,,,0.931157436536765,20.146517,,,,,,,,,,,,
,,1.038674001645326,28.333591,,,0.9382433803637484,31.611347,,,,,,,,,,,,
,,1.0388358884098658,26.879812,,,0.934096864821763,25.916245,,,,,,,,,,,,
,,1.0386294424860962,25.886637,,,0.931157436536765,19.944351,,,,,,,,,,,,
,,1.0430369560067596,19.83662,,,0.9437275111793182,32.951824,,,,,,,,,,,,
,,1.038403112252388,24.883663,,,0.9409012936225691,27.797638,,,,,,,,,,,,
,,0.9574777613246795,32.167267,,,0.9388929084913799,21.838036,,,,,,,,,,,,
,,0.9801480135259075,41.985676,,,0.9285012366379267,24.600273,,,,,,,,,,,,
,,1.0030746471902592,60.132862,,,0.9248079142964871,18.22012,,,,,,,,,,,,
,,1.0262620362381096,102.98558,,,0.9382433803637484,28.011353,,,,,,,,,,,,
,,0.9518745131357371,34.54196,,,0.934096864821763,23.207874,,,,,,,,,,,,
,,0.9624198107038243,36.318756,,,0.931157436536765,17.834423,,,,,,,,,,,,
,,0.9678905918015043,35.56245,,,0.9346225665466185,15.429201,,,,,,,,,,,,
,,0.9703174886580843,34.7719,,,0.9296149926194995,11.123032,,,,,,,,,,,,
,,0.9723122025452297,34.39811,,,0.9260708817451677,9.224735,,,,,,,,,,,,
,,0.9756550132347046,33.333675,,,0.9337217255186218,30.846813,,,,,,,,,,,,
,,0.9781210530199942,32.83525,,,0.9437275111793182,28.998455,,,,,,,,,,,,
,,0.9805995905881171,31.06314,,,0.9409012936225691,24.887827,,,,,,,,,,,,
,,0.9808255351942433,31.950205,,,0.9344873295958812,23.190317,,,,,,,,,,,,
,,0.988111147340533,27.837805,,,0.9359906570873685,23.622751,,,,,,,,,,,,
,,1.0278990175068057,28.367283,,,0.9330217181207637,97.01454,,,,,,,,,,,,
,,1.0424782769805565,26.564672,,,0.9388929084913799,19.680084,,,,,,,,,,,,
,,1.0424775110780864,26.557384,,,0.942052648944225,23.633327,,,,,,,,,,,,
,,1.0286238361828777,26.29675,,,0.9663036208600551,25.159937,,,,,,,,,,,,
,,1.027399396307018,28.583567,,,0.9337217255186218,26.30575,,,,,,,,,,,,
,,1.0261709414503124,29.239864,,,0.9285012366379267,21.23608,,,,,,,,,,,,
,,1.0268929292887963,28.835978,,,0.9248079142964871,15.995732,,,,,,,,,,,,
,,0.9955255696342904,46.72455,,,0.9454160281967178,44.13131,,,,,,,,,,,,
,,1.025708556379022,29.531338,,,0.9486563964996607,44.91452,,,,,,,,,,,,
,,1.020092648515438,31.95487,,,0.9337374753073621,23.078451,,,,,,,,,,,,
,,1.0278990175068057,28.11506,,,0.9748289712961713,22.549398,,,,,,,,,,,,
,,1.027399396307018,28.483753,,,0.9485789867569842,34.876877,,,,,,,,,,,,
,,1.0268929292887963,29.28363,,,0.9663036208600551,26.68447,,,,,,,,,,,,
,,1.025708556379022,29.813839,,,0.9337374753073621,27.547604,,,,,,,,,,,,
,,1.0261709414503124,28.28682,,,0.942052648944225,28.381659,,,,,,,,,,,,
,,1.025236710679917,29.202871,,,0.9359906570873685,28.644308,,,,,,,,,,,,
,,0.9961736272134115,43.691395,,,0.9344873295958812,28.485025,,,,,,,,,,,,
,,0.9518745131357371,42.60857,,,0.9748289712961713,20.779171,,,,,,,,,,,,
,,0.9961886711422241,45.73526,,,0.9485789867569842,28.104364,,,,,,,,,,,,
,,0.9869170669192359,45.40822,,,0.937498829235445,21.348167,,,,,,,,,,,,
,,0.9608990570525995,42.10162,,,0.937498829235445,27.263464,,,,,,,,,,,,
,,0.971956987565763,47.32473,,,0.9734746782218148,26.678211,,,,,,,,,,,,
,,1.0469215009205646,43.31753,,,0.9726878345534435,29.935373,,,,,,,,,,,,
,,0.9705387192756534,47.047535,,,0.9720046558809698,33.27204,,,,,,,,,,,,
,,0.9910075087951115,45.88216,,,0.970556082880972,42.709625,,,,,,,,,,,,
,,0.9911364834617196,42.98999,,,0.9703094043473683,44.87426,,,,,,,,,,,,
,,0.9624198107038243,41.26829,,,0.9684336547084738,73.720825,,,,,,,,,,,,
,,0.9955058051316688,38.93165,,,0.9739799548072637,24.895538,,,,,,,,,,,,
,,0.9803811923038769,48.191135,,,0.9743742633066282,23.67497,,,,,,,,,,,,
,,0.9833897998307078,43.957253,,,0.955361232964073,138.43138,,,,,,,,,,,,
,,1.0370667581101274,48.443626,,,0.9499742978431676,136.86967,,,,,,,,,,,,
,,1.0315440102015516,47.430748,,,0.9446477720385861,96.99478,,,,,,,,,,,,
,,0.9848437117366324,46.620983,,,0.9748289712961713,22.317942,,,,,,,,,,,,
,,0.9568671113613854,42.232716,,,0.9393806450672195,62.165375,,,,,,,,,,,,
,,0.9862111735212278,52.62218,,,0.929020657133129,37.295044,,,,,,,,,,,,
,,1.0510574870970408,44.59516,,,0.9239258848121794,30.91625,,,,,,,,,,,,
,,0.9886515433110096,44.968513,,,0.9188866874323643,38.111427,,,,,,,,,,,,
,,0.9910075087951115,45.814545,,,0.9139021605901604,24.931477,,,,,,,,,,,,
,,0.9814148382473439,44.129036,,,0.9341719288578305,46.976326,,,,,,,,,,,,
,,0.9810515839463047,48.670147,,,0.9830934049035648,44.256683,,,,,,,,,,,,
,,0.9470467996349043,46.480522,,,0.9376769163933542,43.365044,,,,,,,,,,,,
,,0.9715326145334883,44.650684,,,0.969064182482975,43.661915,,,,,,,,,,,,
,,0.9470467996349043,46.480522,,,0.9658565408344474,43.151634,,,,,,,,,,,,
,,0.9914521633462381,41.717037,,,0.966250340477689,44.00793,,,,,,,,,,,,
,,1.0214711212562293,41.431625,,,0.9706499437998767,43.773075,,,,,,,,,,,,
,,1.0080474620495916,41.65463,,,0.9687872021986377,44.563225,,,,,,,,,,,,
,,0.9678905918015043,36.314316,,,0.9514855580696983,45.37408,,,,,,,,,,,,
,,0.9805995905881171,36.252174,,,0.9687891909822673,40.62137,,,,,,,,,,,,
,,0.9703174886580843,35.149605,,,0.9719632363841023,39.883656,,,,,,,,,,,,
,,0.9781210530199942,36.239098,,,0.969064182482975,42.953922,,,,,,,,,,,,
,,0.9948021872575447,37.815014,,,0.9761211112517665,43.45228,,,,,,,,,,,,
,,1.0187601210160258,37.52757,,,0.9803557977807436,43.532745,,,,,,,,,,,,
,,0.9756550132347046,36.780437,,,0.953592039074051,42.99068,,,,,,,,,,,,
,,0.9781210530199942,33.851963,,,0.9662590861432387,45.951447,,,,,,,,,,,,
,,1.025465330368623,36.3862,,,0.9470951656895635,47.51464,,,,,,,,,,,,
,,0.9678905918015043,36.06992,,,0.9725902083153288,49.583492,,,,,,,,,,,,
,,1.0193334181482931,37.59092,,,0.9662573364881036,46.443092,,,,,,,,,,,,
,,0.9808255351942433,36.36083,,,0.9567670256512676,49.12937,,,,,,,,,,,,
,,1.0039582129110884,37.24583,,,0.9551789400880834,43.747124,,,,,,,,,,,,
,,0.9808255351942433,34.86709,,,0.9488112538938004,50.746254,,,,,,,,,,,,
,,0.9518745131357371,38.86449,,,0.968971790594575,44.558006,,,,,,,,,,,,
,,1.005200816392641,30.00005,,,0.9502473279653483,50.694637,,,,,,,,,,,,
,,0.9955058051316688,41.72834,,,0.9662590861432387,45.90338,,,,,,,,,,,,
,,1.0350839690560525,37.224678,,,0.929020657133129,39.089294,,,,,,,,,,,,
,,1.0265569935184018,39.405308,,,0.9336760542716822,40.887146,,,,,,,,,,,,
,,0.9624198107038243,41.534187,,,0.9485789867569842,37.560776,,,,,,,,,,,,
,,1.0253997077432868,39.5571,,,0.9621765239481698,36.953117,,,,,,,,,,,,
,,1.016972391088069,39.27186,,,0.9934498436369305,32.805763,,,,,,,,,,,,
,,1.0140677320409424,40.81736,,,0.9608786492269312,47.1957,,,,,,,,,,,,
,,0.9805995905881171,34.27412,,,0.9435542596569764,35.6422,,,,,,,,,,,,
,,0.9678905918015043,39.896034,,,0.952706623231516,38.62392,,,,,,,,,,,,
,,0.988111147340533,33.653835,,,0.9527669572626459,39.94897,,,,,,,,,,,,
,,0.9723122025452297,37.76647,,,0.9699916998370849,36.93726,,,,,,,,,,,,
,,0.9767642783462442,37.92591,,,0.9870501947861419,36.289867,,,,,,,,,,,,
,,0.9703174886580843,38.137806,,,0.970556082880972,42.173607,,,,,,,,,,,,
,,1.0263886128822195,37.95698,,,0.9693417497379941,41.27618,,,,,,,,,,,,
,,1.0265569935184018,39.405308,,,0.9502561702299384,35.854156,,,,,,,,,,,,
,,0.9859721821467441,40.514843,,,0.9691488175999683,36.46095,,,,,,,,,,,,
,,1.0510574870970408,39.166683,,,0.9203475644761822,27.130566,,,,,,,,,,,,
,,1.0064610611128437,43.550186,,,0.9188866874323643,38.2556,,,,,,,,,,,,
,,1.0549647640007473,82.77653,,,0.9592670547767627,41.08064,,,,,,,,,,,,
,,1.0454571704441915,76.886826,,,0.9619120926116251,43.361485,,,,,,,,,,,,
,,1.0350839690560525,53.22693,,,0.9719632363841023,39.883656,,,,,,,,,,,,
,,0.9959716478107197,52.059723,,,0.9657782595857668,39.46561,,,,,,,,,,,,
,,1.0359963617088197,54.862682,,,0.9661531457863455,38.603207,,,,,,,,,,,,
,,0.9858227935949551,47.229805,,,0.9485789867569842,38.99082,,,,,,,,,,,,
,,1.007973784162,48.112183,,,0.9422359053865728,38.232582,,,,,,,,,,,,
,,1.0197588971817757,50.249443,,,0.9351161727729101,77.18196,,,,,,,,,,,,
,,0.9769759085515187,49.916656,,,0.9486869034373131,95.9004,,,,,,,,,,,,
,,1.0536591145403504,68.23614,,,0.9298723156050356,99.77687,,,,,,,,,,,,
,,1.0583746451374976,62.251404,,,0.9393733899342764,91.766716,,,,,,,,,,,,
,,0.9792391650689792,52.830055,,,0.9333087764904386,102.670265,,,,,,,,,,,,
,,1.0500204298823423,64.500175,,,0.9539769791070379,97.52934,,,,,,,,,,,,
,,0.9518745131357371,33.254524,,,0.9554681127012618,105.394714,,,,,,,,,,,,
,,1.0303238104182537,21.936764,,,0.9642604968362618,97.77217,,,,,,,,,,,,
,,1.0282084112905834,21.656336,,,0.9589427589502661,108.253075,,,,,,,,,,,,
,,1.0298801007294487,24.529795,,,0.9342637527363792,109.383484,,,,,,,,,,,,
,,1.028138875328001,24.721195,,,0.9589427589502661,107.0342,,,,,,,,,,,,
,,1.0510574870970408,23.715984,,,0.9684909642634226,110.51652,,,,,,,,,,,,
,,1.0087163087068758,24.78476,,,0.9600405384255999,88.904945,,,,,,,,,,,,
,,1.03055994997444,24.495611,,,0.9642604968362618,90.5045,,,,,,,,,,,,
,,1.0299997151430063,24.198765,,,0.9199364921888089,108.89211,,,,,,,,,,,,
,,1.032445916400471,23.841915,,,0.921869158722736,131.38815,,,,,,,,,,,,
,,1.0282084112905834,22.132725,,,0.9347269815310949,126.77118,,,,,,,,,,,,
,,1.0305555388693273,24.140661,,,0.9499742978431676,137.65073,,,,,,,,,,,,
,,1.0257325308122243,26.157541,,,0.9637218553407415,119.311035,,,,,,,,,,,,
,,1.037986545414049,26.326187,,,0.955361232964073,139.17607,,,,,,,,,,,,
,,1.0520965948450363,26.50205,,,0.961437342231009,113.82666,,,,,,,,,,,,
,,1.0433291232213273,28.725739,,,0.9474044608507133,133.64299,,,,,,,,,,,,
,,1.0278786956123775,26.8231,,,0.9465579571973762,131.56082,,,,,,,,,,,,
,,1.032948998481683,26.124521,,,0.9300736742290222,113.59839,,,,,,,,,,,,
,,1.0118139796583823,38.44729,,,0.9292899593149888,115.534546,,,,,,,,,,,,
,,1.0446092816547279,25.728893,,,0.9194151513981693,115.301735,,,,,,,,,,,,
,,1.0433291232213273,31.75697,,,0.9354617142630011,109.34609,,,,,,,,,,,,
,,1.030316101647173,24.448948,,,0.9575036962201877,119.44385,,,,,,,,,,,,
,,0.988111147340533,26.506098,,,0.9627945276419995,120.37221,,,,,,,,,,,,
,,1.0331997142580136,17.71764,,,0.9612834013444009,120.2227,,,,,,,,,,,,
,,1.0421286319051621,14.881045,,,0.9337879283374294,126.84303,,,,,,,,,,,,
,,1.0407781962696858,18.104897,,,0.9397721462901844,121.094925,,,,,,,,,,,,
,,1.040059319024194,16.259335,,,0.940172942767403,129.398,,,,,,,,,,,,
,,1.0407781962696858,18.104897,,,0.943788685224605,123.931725,,,,,,,,,,,,
,,1.0003035572428265,19.159235,,,0.9526761746045671,52.079266,,,,,,,,,,,,
,,1.0282084112905834,22.636126,,,0.9719632363841023,54.3144,,,,,,,,,,,,
,,1.042715761008969,15.269971,,,0.9488112538938004,50.746254,,,,,,,,,,,,
,,1.0423838241650991,14.697527,,,0.945608843463694,46.263702,,,,,,,,,,,,
,,1.040180537525631,17.653849,,,0.945608843463694,46.263702,,,,,,,,,,,,
,,1.0414911975785417,14.838443,,,0.9719632363841023,54.425636,,,,,,,,,,,,
,,1.0420520985907014,15.459429,,,0.9493105829267905,51.127014,,,,,,,,,,,,
,,1.0420776084464776,15.226024,,,0.9662678383370287,50.3684,,,,,,,,,,,,
,,1.0415166799792068,14.67175,,,0.969705996221792,50.94632,,,,,,,,,,,,
,,1.0424774259778815,15.238916,,,0.953792102152302,48.93792,,,,,,,,,,,,
,,1.04269021990031,15.444183,,,0.9341719288578305,51.13455,,,,,,,,,,,,
,,1.0420520985907014,15.459429,,,0.9659345463755857,48.18032,,,,,,,,,,,,
,,1.0014534721570705,26.6018,,,0.9601756563917714,54.880287,,,,,,,,,,,,
,,1.0205907875125835,16.750263,,,0.9537964020964091,67.11422,,,,,,,,,,,,
,,1.0303659347732914,21.706387,,,0.9545779894855209,64.22977,,,,,,,,,,,,
,,1.0282084112905834,20.369385,,,0.9688573974002452,63.44314,,,,,,,,,,,,
,,1.0412873832541623,21.10944,,,0.9393806450672195,57.828156,,,,,,,,,,,,
,,1.0500204298823423,21.451927,,,0.9488112538938004,49.46074,,,,,,,,,,,,
,,1.0362386336947,18.883413,,,1.011679808875938,63.415577,,,,,,,,,,,,
,,1.0269681116388458,19.41533,,,0.9636446005120537,54.115456,,,,,,,,,,,,
,,1.035411272315386,19.443707,,,0.9545779894855209,64.22977,,,,,,,,,,,,
,,1.0317522559959609,22.467274,,,0.9231360744302164,23.318996,,,,,,,,,,,,
,,1.0489854171372637,19.980743,,,0.9139021605901604,24.20015,,,,,,,,,,,,
,,1.0323798970957228,17.637503,,,0.8747054539282801,22.737532,,,,,,,,,,,,
,,1.0314660995154754,17.641964,,,0.8760897944612888,22.71043,,,,,,,,,,,,
,,0.9518745131357371,26.759542,,,0.9225345910672563,19.708933,,,,,,,,,,,,
,,0.9805995905881171,32.69908,,,0.8664904205953222,21.561203,,,,,,,,,,,,
,,1.0378057870995094,32.625732,,,0.9403314591034302,21.472954,,,,,,,,,,,,
,,1.0259797552666432,33.457283,,,0.8949065036725822,25.905323,,,,,,,,,,,,
,,1.007973784162,33.211395,,,0.8832790428316117,24.256512,,,,,,,,,,,,
,,1.0254069293630645,33.972878,,,0.8928445071203412,26.11684,,,,,,,,,,,,
,,1.005200816392641,40.46939,,,0.928036918349902,27.472824,,,,,,,,,,,,
,,1.0444042452384845,32.43023,,,0.9139021605901604,25.413319,,,,,,,,,,,,
,,1.0197588971817757,33.0644,,,0.8994765925957012,26.197128,,,,,,,,,,,,
,,0.988111147340533,33.653835,,,0.9241087387818823,23.187366,,,,,,,,,,,,
,,1.0250547578317777,33.136345,,,0.881069841041901,23.797283,,,,,,,,,,,,
,,1.0246937611918097,33.09305,,,0.9390012506225235,36.213585,,,,,,,,,,,,
,,1.0433291232213273,31.93284,,,0.8664904205953222,21.507126,,,,,,,,,,,,
,,1.0352098304336126,31.48938,,,0.881069841041901,22.454676,,,,,,,,,,,,
,,1.0314472553290563,29.835928,,,0.9374867324763583,39.352116,,,,,,,,,,,,
,,0.9780557620882131,32.408634,,,0.8994765925957012,22.693918,,,,,,,,,,,,
,,0.9833142146953266,31.635025,,,0.9182334504507774,20.907879,,,,,,,,,,,,
,,0.988111147340533,35.50807,,,0.8664904205953222,20.180218,,,,,,,,,,,,
,,0.9756550132347046,33.069252,,,0.881069841041901,20.102865,,,,,,,,,,,,
,,1.0265569935184018,36.932064,,,0.8760897944612888,22.64732,,,,,,,,,,,,
,,1.0500982879187521,37.602303,,,0.8760897944612888,21.344831,,,,,,,,,,,,
,,0.9624198107038243,36.947903,,,0.9486563964996607,37.65497,,,,,,,,,,,,
,,1.0171524068681042,36.35043,,,0.9352758408810389,35.834488,,,,,,,,,,,,
,,1.0290386018534314,33.27468,,,0.8949065036725822,25.78591,,,,,,,,,,,,
,,0.9920769724960903,37.408955,,,0.9454160281967178,36.887127,,,,,,,,,,,,
,,1.0259797552666432,33.78224,,,0.947998816122882,34.94461,,,,,,,,,,,,
,,0.9730416355520344,36.075184,,,0.9530957446719788,40.946934,,,,,,,,,,,,
,,1.0455602842023954,33.44095,,,0.9529755408953774,44.07179,,,,,,,,,,,,
,,1.0294505902487463,33.894787,,,0.9764264837905483,33.7837,,,,,,,,,,,,
,,1.007973784162,33.21796,,,0.8926388299705784,25.71102,,,,,,,,,,,,
,,1.026227098923025,36.574432,,,0.9254798128291631,27.774502,,,,,,,,,,,,
,,0.9703174886580843,35.149605,,,0.8850948288949932,24.209713,,,,,,,,,,,,
,,1.0316972425455686,31.306849,,,0.9237467588381327,30.313562,,,,,,,,,,,,
,,0.9961886711422241,33.72996,,,0.9349304144936338,25.975052,,,,,,,,,,,,
,,1.0282084112905834,22.659576,,,0.8926388299705784,25.71102,,,,,,,,,,,,
,,1.020092648515438,32.84619,,,0.9239258848121794,30.21416,,,,,,,,,,,,
,,1.027399396307018,28.754086,,,0.8903826196926194,25.299194,,,,,,,,,,,,
,,1.0087163087068758,24.78476,,,0.9291719409560907,31.02682,,,,,,,,,,,,
,,1.053137759214007,31.28092,,,0.9445326412924511,30.148096,,,,,,,,,,,,
,,1.0433291232213273,29.69906,,,0.947998816122882,30.679697,,,,,,,,,,,,
,,1.0278786956123775,26.830357,,,0.9173063443425536,32.2248,,,,,,,,,,,,
,,1.005200816392641,33.036644,,,0.9318274632590943,39.620274,,,,,,,,,,,,
,,0.9756550132347046,33.852394,,,0.9221781494947334,29.74126,,,,,,,,,,,,
,,1.0265569935184018,28.713684,,,,,,,,,,,,,,,,
,,1.027399396307018,28.743923,,,,,,,,,,,,,,,,
,,1.0348751067244826,30.277191,,,,,,,,,,,,,,,,
,,1.0298681408160726,31.06522,,,,,,,,,,,,,,,,
,,1.0315440102015516,31.264914,,,,,,,,,,,,,,,,
,,1.0471790461852437,31.122702,,,,,,,,,,,,,,,,
,,1.0282084112905834,22.67828,,,,,,,,,,,,,,,,
,,1.0370722769051577,32.840366,,,,,,,,,,,,,,,,
,,1.0222592620867477,31.88895,,,,,,,,,,,,,,,,
,,1.0269020937255209,29.681585,,,,,,,,,,,,,,,,
,,1.0433291232213273,29.69906,,,,,,,,,,,,,,,,
,,1.0268929292887963,29.016027,,,,,,,,,,,,,,,,
,,1.025236710679917,29.226536,,,,,,,,,,,,,,,,
,,0.988111147340533,30.96456,,,,,,,,,,,,,,,,
,,1.0360737051182582,29.71492,,,,,,,,,,,,,,,,
