scatter0_x,scatter0_y,scatter1_x,scatter1_y,scatter2_x,scatter2_y,scatter3_x,scatter3_y
4.0974026,-1.273861,-0.36170653,-1.3661705,0.80534536,-0.57086104,4.017973,0.5354242
3.0969243,-1.3442535,0.15430467,3.6210344,1.1506662,-0.65840405,1.5820909,-2.805115
3.0979671,-1.3344487,0.70706475,0.6214092,2.1474228,-0.7761635,0.6302412,4.748989
3.3199437,-1.5183982,-0.42954364,-2.7374244,2.9669693,-0.7176448,-1.2208827,4.8326426
3.0979671,-1.3344487,-0.111614466,-2.7348967,-1.471946,0.47638145,-1.270731,4.8294578
3.3199437,-1.5183982,0.20515014,-2.6844711,-0.094112396,-0.21930258,-1.3163557,4.8431654
3.0996835,-1.3150584,1.1680453,-2.0793488,0.8174904,-0.5463178,-1.3569818,4.8584647
3.0996835,-1.3150584,1.2813852,-2.1759434,1.1681811,-0.6342844,-2.5246575,2.4339852
3.0988882,-1.3247173,1.5542109,-2.0308812,2.178293,-0.7504648,-3.3215044,1.8965716
3.0988882,-1.3247173,2.6729388,-1.6559907,3.00531,-0.6887584,-2.0338378,1.5610123
3.0979671,-1.3344487,0.26430896,0.477425,-1.5409592,0.559456,-1.7286814,1.8423988
3.0979671,-1.3344487,-1.7718136,2.080139,-0.09999114,-0.1466248,-1.399776,2.9242895
3.0969243,-1.3442535,-1.7256548,-1.6865934,0.8537022,-0.4814834,-0.9316712,2.795874
3.0560603,3.0570102,0.22604018,-1.4032748,1.2189991,-0.5700813,-0.4278384,2.5404603
2.993,3.0379112,0.10106038,-1.2455337,2.265198,-0.6795067,0.24830982,5.5273576
2.8073409,2.711243,-3.1247852,-0.7811711,3.112444,-0.60648805,-1.4893581,2.1615968
2.0179217,-3.0797384,-1.917963,-0.4367406,-0.09112746,-0.24686986,1.9521478,5.0103464
3.4552238,3.2253993,-1.1549475,-1.0524384,-1.4478585,0.445527,-0.08579522,-1.1647733
3.4441445,3.1825607,-1.2158865,-1.7072766,-0.8107644,2.4965162,0.91252166,-0.82741314
3.4119258,3.0821266,-1.190003,-2.1157084,1.3979177,2.2643232,1.0521334,-0.7708803
3.3669035,2.9536145,-1.0997741,-2.404811,1.5194806,2.045495,1.3169425,-0.65049213
3.1810167,2.5621204,-0.96561027,-2.5427964,1.5457691,1.8854631,-0.7367179,4.679314
3.0512633,2.3827827,0.5095994,-4.1041446,1.1894315,1.4219615,0.09689575,4.6727195
4.0376334,-1.5969977,-2.7254024,1.6828322,1.3098651,1.3379111,-0.19823334,4.627196
4.0004506,4.346702,2.6704419,-1.5203222,1.2669795,1.041739,1.9634721,5.0324197
4.4810133,4.5750027,1.2201967,-2.9837356,1.364498,1.2968853,-2.0177143,0.9725636
3.9728878,-2.066779,0.86025745,-3.2083495,-1.161959,0.20445335,1.828021,-2.5703523
4.2770066,-2.292125,0.4845539,-3.4420736,0.8634874,-0.41092137,2.9243124,2.627636
3.9123693,-0.93723065,-0.35016105,-3.6113567,0.8272009,-0.4502295,2.9243124,2.627636
4.0327997,-0.44274342,-1.8435746,-4.074112,0.7320083,-0.5467238,2.959877,2.706484
4.0472703,-0.39308503,-1.1011907,-2.657405,0.6315804,-0.64023423,2.9243124,2.627636
4.0970855,-1.4220071,-1.606015,-2.882539,1.7261671,-0.6235523,3.9292755,-2.4357455
4.657845,-1.6854346,2.7343762,-0.9475612,1.7004249,-0.66906744,3.2526162,-2.9042315
4.060547,-0.34681398,2.1845772,-1.1893474,1.6294951,-0.7817842,-0.33926255,0.98952836
4.0943747,-0.22514804,1.7856191,-1.5237432,1.5496242,-0.89249814,-3.9474068,4.960005
4.0372853,-0.42750663,0.43348548,-3.1866877,2.2289753,-0.6837199,-0.90770584,0.6565189
4.0347586,-0.3954968,0.32232794,-3.5816472,-1.0391097,0.25426307,-2.305145,3.0915883
5.056886,-1.2847193,2.1506736,-1.8277001,2.1504688,-0.8484255,-1.9808915,4.3584003
4.8471756,-1.3764943,1.4143927,-1.7806722,2.2806938,-1.3063782,-1.1056634,3.99147
4.8534517,-1.1341801,0.7881243,-1.142512,1.377912,-1.7790587,-0.6464825,1.0279669
3.8131669,-1.1928216,0.0060963533,0.65506613,1.9557469,-0.24694988,1.0743613,1.3103837
3.8996797,-0.35943186,0.7700854,-2.0810988,0.69438374,-1.7239746,-9.506073,-0.5013437
1.7560524,-3.2754092,1.4701426,-2.5518737,0.9910191,-1.7062927,-9.583673,-0.48971486
3.8869226,-0.40566579,-2.053499,-0.21223219,2.4857538,-0.07935518,-7.9563866,0.6234238
3.9653628,-1.499697,0.056438196,-1.6533352,2.7211378,0.010250849,-7.670652,-0.7058433
4.91053,-1.4676644,0.5804226,-2.990987,-0.91050845,0.30657172,-9.190359,0.07301804
4.1999364,-1.8374629,-0.17160963,-3.0495846,1.6984608,-3.5340397,-4.5593524,1.0877676
4.1999364,-1.8374629,0.8840168,-3.15696,2.3846478,-1.0728174,-1.0387571,4.8058577
3.8017206,4.0048656,2.7561467,-1.616153,4.087622,-1.6963916,-6.6068816,0.070655644
3.8730068,-0.45528665,2.69713,-1.7467731,3.7971041,-1.8774823,-9.600065,-1.0539117
4.3350444,4.522885,2.8312438,-1.4225906,3.890297,-1.3979048,-9.856022,-1.4129304
4.2683396,-3.1416962,-0.49361244,1.8177459,3.4239283,-1.5721351,-8.368009,-1.8796023
3.9321306,-0.23787892,2.1964204,-1.9414164,1.047882,-0.83949095,-5.742191,-2.1696017
3.8373544,-1.6192205,2.1964204,-1.9414164,-0.8577957,0.32818377,-9.739543,-0.9365997
4.7120976,-1.6206948,0.27125537,-2.6407208,-1.220484,0.26984438,-9.868161,-0.36512792
4.722315,-1.4720892,1.0043027,-1.9929506,1.170937,-3.983122,-9.28803,-0.5141677
3.500112,-1.4095329,0.9870931,-2.1136055,0.84181225,6.340766,-9.797361,-2.4964883
3.871363,-0.5133443,1.0043027,-1.9929506,1.9127,-1.9982724,-9.396516,-0.5588117
1.7560524,-3.2754092,-1.9879574,-5.2619147,1.2857782,-2.2856526,-9.870645,-1.0593904
3.8683472,-0.5663365,0.3797925,-1.5437006,0.95184785,-1.8107355,-1.1088074,3.3605418
,,-0.1249116,2.11727,0.38963225,-0.32538792,-0.5202548,-1.4929063
,,-0.5006652,-2.0864477,0.17125982,1.2809507,-9.985847,-1.141064
,,-0.6573847,-3.226934,-1.3922362,2.8493721,0.5425274,2.6004262
,,0.5348904,-2.0797698,-1.2203834,2.6463199,-8.934166,0.7055998
,,-0.96201044,-0.56394285,-1.0340487,2.3960295,-9.957316,-2.7293253
,,-7.9729233,0.3401393,-4.359238,6.6803503,-9.628837,-0.49340138
,,-6.219842,0.22738248,-2.7153764,7.341078,-9.901585,-1.7841637
,,-3.2319393,-0.9079194,-1.0923649,7.1397605,-9.890341,-1.7355595
,,-0.21931213,-5.4846635,0.8350069,5.9985123,-9.859597,-1.1971468
,,-2.3314567,1.8051358,-1.0998037,2.9997568,-9.579291,-0.41663858
,,-2.3386223,1.8306556,-4.430317,6.653088,-9.916306,-2.041979
,,-2.3455713,1.8556992,-1.1655202,7.159544,-8.136416,1.3959317
,,-2.3421237,1.843238,0.76626474,6.0097957,-6.7363095,2.328135
,,-9.473731,-2.9223955,-8.855459,2.2154665,-1.9078153,3.8822174
,,-10.084766,-3.727005,-3.7376845,6.8563027,-9.6939535,-2.7395403
,,-2.3489666,1.8680453,-2.3671606,7.5029583,-9.141141,-2.1517065
,,-9.868431,-3.445719,-0.8555459,7.332245,-8.482612,-1.4337326
,,-3.5573475,3.641829,0.9085088,6.314477,-7.7681413,0.28215912
,,-6.3608046,2.0048993,-8.86618,2.2075193,-9.870782,-2.9228454
,,-7.3879514,1.8137871,-3.8006773,6.8442016,-9.332381,-2.357238
,,-1.8701898,4.1759377,-2.4280772,7.5066075,-8.482612,-1.4337326
,,-4.088637,3.5971174,-0.9244416,7.3611073,-7.6065707,-0.48582485
,,-4.9763017,3.4530659,-2.782315,7.333837,-6.860099,-0.06755627
,,-2.4452646,2.0593052,-0.7871964,1.8242807,-6.1398034,0.5730846
,,-2.4452646,2.0593052,-0.5716426,1.5381352,-4.939266,0.80682063
,,-1.8594368,1.9544342,-0.36150172,1.23686,-4.3490667,1.1334593
,,0.26717314,-3.7303567,-0.18861099,0.25243625,-3.6238282,1.4260026
,,0.33183783,-5.01943,0.80214566,-0.59519666,-8.246557,-1.1751369
,,-0.86849385,0.39038292,-1.3928937,2.8440654,-9.622076,-2.6141562
,,-0.6717718,0.32860017,-1.2203834,2.6463199,-7.769219,-0.8347294
,,-2.4299722,-1.2282113,-1.034584,2.3871918,-6.7823873,-0.16807914
,,-3.173944,0.4935837,-0.7871964,1.8242807,-9.151724,-2.1319373
,,-1.9957411,1.2382134,-0.5716426,1.5381352,-8.490563,-1.4167542
,,-1.9435138,1.34715,-0.18861099,0.25243625,-7.769086,-0.6410292
,,0.2533908,-4.0729194,0.7999507,-0.57592434,-9.658315,-0.82538515
,,-1.4358531,-1.4965943,-0.36150172,1.23686,-9.804929,-1.7984664
,,-2.2238755,-0.8772997,-1.8674375,1.9793719,0.54237396,-2.358992
,,-2.2180197,-0.9008356,0.20941798,6.0802565,1.7831753,-1.7532394
,,-2.2121062,-0.9243322,0.15752526,6.0989304,0.5278444,1.1980989
,,-2.2061334,-0.94778657,0.10423463,6.11535,0.9985418,-2.1242588
,,-3.3741186,1.0701146,0.049756885,6.1293545,-4.8291945,1.260967
,,-4.1476126,1.5030329,-9.037089,-0.6678838,-4.80393,1.0862776
,,-5.6002436,0.3911379,2.8525681,4.6429625,1.5948812,1.440954
,,0.28127295,-4.0020456,-10.017868,1.2089393,3.1778188,-2.0857124
,,0.49697948,-3.9862633,-4.052034,7.3618407,4.79822,2.3236246
,,0.396312,-3.9178169,-3.3134208,7.6107244,-1.4690661,-1.183738
,,-0.57449496,-2.5109732,-2.618394,7.694302,-1.4678035,-1.2047387
,,-1.400956,-2.9016707,-2.2857785,7.6653767,-1.4665467,-1.2256627
,,-2.09853,-3.0995882,-1.1526726,5.708822,-1.4652972,-1.2465113
,,-2.8122907,-3.246646,-9.998827,1.450334,0.80490094,-3.7146692
,,-7.8456545,-1.4119083,-2.893654,7.648899,4.067052,2.1730673
,,-2.6556237,-5.951727,-2.193728,7.5609803,3.1362014,2.050605
,,-1.4616256,-5.7018967,-1.8427811,7.434944,1.9767419,1.9693853
,,-0.53657466,-5.0666313,-0.616928,5.351476,-0.41450268,4.639554
,,0.24972907,-4.253996,-3.6402504,7.5242434,0.39668852,3.3422801
,,0.8975802,-3.4374475,-0.47487003,-2.2710538,-0.33616027,3.6276622
,,2.4493158,-0.98099625,1.7712395,-0.78908134,-1.7699493,5.294838
,,1.8330822,-2.0222495,-2.6151953,2.2239707,-10.082469,-0.9435352
,,0.5703816,-0.7640825,1.4331316,0.52307713,-1.2631009,1.5256147
,,-0.44868374,-1.6232562,2.8525681,4.6429625,-0.07480468,1.4996071
,,2.6879919,-2.0970585,-0.21787976,3.9067473,-1.3390797,1.6406296
,,1.7123374,4.6205425,-7.2689633,-1.0653913,0.65946645,1.3989407
,,-0.012781796,-2.3191254,-0.77887464,4.072013,-1.3414997,1.3707243
,,2.4876943,-1.3155049,-1.1495192,3.8690264,4.7838297,2.5090578
,,0.6396118,-5.0437503,-1.1519417,2.3903427,1.1994987,1.3888192
,,0.39402306,-2.4868262,-0.38007784,1.6493322,1.2998321,1.947275
,,3.263006,-1.9879936,0.023926964,1.3701582,0.56659126,1.9381679
,,-0.5960767,-0.98513776,0.46908826,1.0973774,-1.1094484,1.9502839
,,2.3406384,-1.7771634,1.6621124,-2.9674566,-2.920666,2.16532
,,0.019363903,-1.7243985,1.2252865,-3.676987,-6.4857707,1.3788527
,,3.65021,-2.1027954,1.8639989,-2.6249335,-9.529833,-1.1437598
,,2.2249012,-2.8164432,-0.8143648,3.9841793,2.6652553,2.08809
,,2.084253,-2.3406143,-1.0528743,3.6864812,-8.423264,-0.13135596
,,2.2012258,-2.3487003,1.5997605,-3.4238017,-2.5781336,1.7745727
,,-2.9953873,-4.9222245,1.7102692,-3.1617765,0.33440372,1.788978
,,-1.5761607,-5.552605,1.7722267,-3.2771556,1.2827219,-5.3236275
,,-0.54614437,-5.593044,-2.173437,2.0203092,3.0107045,4.806139
,,0.27108485,-5.3804426,-2.8887653,1.9516689,3.190079,4.874003
,,0.9578804,-5.0524645,-1.0217869,1.7862349,3.2374625,5.1615496
,,3.801532,-2.806957,0.28894544,1.0627811,3.5310974,5.12188
,,1.4073981,-4.9480658,1.6300459,-0.7197599,3.006816,4.7750278
,,0.6374866,-5.018894,-0.04910147,1.26906,3.1868062,4.8425508
,,3.149955,-2.077081,-0.5785938,2.0484874,3.2336748,5.1343746
,,2.927008,-3.248714,-0.25598514,2.0925384,3.5282755,5.0947776
,,1.9180532,-4.220125,0.16661517,1.9347374,3.114916,0.8262639
,,1.3892684,-4.946362,1.1198885,1.5397954,3.3091953,0.9757836
,,0.9377899,-4.8438406,-2.2580123,2.621112,3.4500825,1.1353385
,,0.32830292,-5.1164503,1.6320764,1.3298825,3.633395,1.302419
,,-1.1259612,-4.985579,-0.23530295,3.7636774,3.702625,1.3125854
,,-2.9258134,-4.788642,1.3880447,-0.8646875,3.7865314,1.4068437
,,-6.4217687,-2.1791809,0.037462495,3.418358,3.8493617,1.4301786
,,1.5975648,-4.8634796,-1.3259039,4.0993648,3.8451962,2.3981183
,,1.7586998,-4.755975,1.0625358,-3.547311,3.9231775,2.4903662
,,1.3208514,-4.8934355,-0.47328055,-4.522305,3.7619627,2.369708
,,1.4724487,-4.8634224,1.0863876,-3.3209143,4.0136476,2.5828085
,,1.7955189,-4.681238,1.1264861,-3.2500267,4.0909395,2.631573
,,1.6628911,-4.7172236,1.045477,-3.622296,4.868609,2.1932008
,,1.2074785,-4.9937673,1.0359224,-4.1670732,2.9467282,4.954281
,,1.0853817,-5.0776443,1.0879197,-3.2882104,-2.7581048,4.6110144
,,0.013088144,-5.223313,1.0617948,-4.0017033,-0.24904394,5.2018337
,,-0.57485634,-5.0828867,1.9179388,-2.4280047,0.8692021,5.4901414
,,-0.4161551,-4.971297,1.7798543,-2.4570227,2.6748347,0.31719807
,,1.442,-4.9361024,1.6687089,-2.4665444,2.6718404,0.26258367
,,0.057676006,-1.7915657,0.9297319,1.4939185,0.7717728,4.260388
,,2.2011998,-0.60468,1.3557801,-1.7746542,1.3751956,4.3878837
,,1.8509457,-2.6566668,0.67968637,-1.7467804,4.3966703,2.7535017
,,-0.014838549,-2.4343681,3.6965985,3.5214522,4.5529995,-0.21773611
,,-0.10365998,-3.0640903,2.653183,-2.9008389,0.014551055,-4.489978
,,4.6906204,-1.099194,2.2726777,-3.2788181,4.075017,-0.23479475
,,4.0466933,-0.9245643,2.2142458,-2.2083292,3.7122567,-1.2989533
,,3.8955913,-0.9050025,3.997316,-1.304434,3.2266862,3.738364
,,3.3093107,-0.21698932,1.2095646,-2.9663882,3.38227,4.7921515
,,1.8603361,3.5079916,1.0023102,-3.2211375,3.49031,1.1994205
,,0.9235732,-4.0374336,1.0375282,-3.2846413,2.8104827,5.251065
,,-0.032153025,-1.9232743,1.0597826,-3.2847989,2.55864,4.83656
,,-1.7768902,-2.9316342,0.5397544,0.24414645,2.032255,5.0079985
,,-1.5545096,-3.2082138,1.7171048,-0.013381498,2.618033,-3.6477885
,,-1.300712,-3.4065342,0.2694748,-1.8524816,4.483121,0.96476793
,,-1.146087,-3.3853192,4.2236505,-1.4283762,2.588417,-3.7396023
,,-1.0417383,-3.2848861,4.5081587,-0.38703275,4.064418,-1.3965381
,,0.26545015,-3.367299,2.672355,2.5409129,3.1240158,0.4812999
,,-0.9246718,-3.1913035,5.8411684,1.0308148,5.2688932,-0.8601989
,,-0.08155557,-2.3205383,4.7870183,0.16951622,3.8690224,1.0840453
,,-0.11854454,-3.009055,4.806587,1.0290908,5.2809157,-0.8210572
,,-2.807239,-0.35219675,5.801356,0.5765377,3.1154053,0.3752115
,,-8.472084,-0.42274225,2.6936102,-2.2069345,3.550626,0.6127687
,,-0.15820768,3.1643622,2.0569544,-2.3952403,3.0273337,-3.0420237
,,-0.03545455,2.5327764,1.468803,-2.4937842,2.8286705,-3.0790632
,,1.2303542,3.132963,0.06648879,-2.3583674,3.4332309,-2.0467215
,,1.8809847,-0.40193057,-0.2061283,-2.259018,3.4016452,-2.0085588
,,0.44817635,2.4704025,-2.8849041,0.37783235,2.9085844,-3.0765092
,,1.0067011,-3.3195252,0.99540377,-1.7530626,3.7310636,3.891128
,,0.6236605,-3.2983696,3.0799453,-2.049456,1.7183856,-4.9976144
,,3.1227658,-3.3625722,2.655433,1.5005988,4.8730464,-0.28187686
,,3.1230924,-3.3627546,2.1047273,1.3547572,4.856273,-0.3294456
,,1.202875,-2.8440266,2.1265247,1.3212414,3.1238475,-1.6038487
,,0.90883964,-3.3052545,2.1142128,0.95095235,4.8271394,-0.8442631
,,0.7190336,-3.2029893,2.1841578,0.8451667,4.8113194,-0.8935864
,,0.8258492,-3.2706847,2.777982,0.43452471,4.794746,-0.9427671
,,0.12893665,3.7493427,2.5530472,0.4225363,4.2877407,0.30256572
,,0.6685148,-3.1380742,3.367292,-1.90282,3.4191332,3.3112705
,,1.8936107,-2.3976882,0.25653616,-1.7792511,4.202136,1.9342222
,,1.1398294,-2.8690147,3.1960459,-2.0985265,4.0845757,1.9467033
,,1.1224883,-2.6898584,2.3447466,-3.2856176,4.078156,1.9044676
,,0.9705148,-2.3632789,2.1267893,-3.3903117,3.9522731,2.0502427
,,0.8111067,-2.297824,2.2150357,-3.9782348,3.545669,0.56169415
,,1.1749963,-2.8317323,-1.1691413,1.7211986,3.5401368,0.5100538
,,1.5028547,-2.1898143,-0.061628934,-2.1560705,3.119984,0.4285198
,,-0.6019571,0.96364284,0.9594382,-0.33248076,2.5056024,-0.22619969
,,-1.7095631,-2.3032846,1.6468523,-1.2600085,1.8337883,0.11494145
,,-1.037923,0.6061215,2.0727847,-1.1040716,4.8245225,0.5512185
,,-0.97129357,-0.7503784,1.8201627,-0.27363858,4.810963,0.22576775
,,-2.4340088,-3.0672493,-0.5844156,-2.2239377,4.820917,0.10368214
,,0.059515014,-4.3475213,-0.10603823,-2.047751,5.0464277,0.21279109
,,0.045534924,1.2419031,2.3071077,-1.0281136,-0.5448935,0.19305891
,,-2.2082324,2.266728,1.7789251,-2.2554429,-1.5293084,0.19943304
,,-2.3873641,-0.64909995,-2.5594485,1.6583254,0.06898294,-0.9632054
,,-1.0746409,0.49097592,-2.4730914,1.7533592,-0.05751365,-0.046114184
,,-0.9130916,0.7715689,1.5396605,-3.5692313,2.2655354,-0.028309671
,,-1.1969508,-1.0011388,1.3995051,-3.8328705,3.141188,0.31128827
,,-1.0209237,0.5248587,2.5259988,-0.98512596,3.2531521,0.36670077
,,0.071104355,-4.325867,-0.89473444,2.0391707,3.5103443,0.39334384
,,-1.4447061,0.9017647,1.1258012,-1.5613521,3.3996384,0.28163156
,,-2.9210315,-3.2302837,-0.2690415,1.1677675,3.6759443,0.41985384
,,-1.3483937,-0.5545797,0.9036322,-3.699461,3.807243,0.472155
,,-2.5552223,-1.222462,1.8877083,-0.32552698,4.1124363,0.44940856
,,0.75199014,4.07201,-1.0595713,3.2437694,0.9494156,0.28920433
,,-0.90901285,3.682978,0.23115496,1.0103077,1.3504624,0.1734809
,,-0.02242543,-2.5637898,1.4553076,-0.30128357,1.5424587,-0.14511757
,,-0.8507227,-2.028094,1.5157714,-1.2388675,0.6588099,-2.3642442
,,1.031639,0.56605595,1.074124,-4.464113,3.856166,-2.327149
,,-1.4153637,-3.512606,-2.848819,1.3414353,2.9100077,0.18235458
,,-0.277164,3.1576033,1.7965788,1.6973978,1.5777749,2.4842553
,,-1.0370014,2.6744816,1.8152716,-0.3987071,2.6408749,2.1723995
,,-1.6473142,-2.9264047,1.8062431,1.6483339,3.0891945,1.2090013
,,-0.69768906,-1.0602905,1.1034881,0.9520585,1.5822514,2.4962723
,,-1.5310988,-1.6400253,1.8820882,1.342839,2.6929736,2.2867846
,,-0.6854187,-1.4695718,1.0485982,0.9262617,3.125739,1.3230679
,,-1.9798797,-3.7296722,0.9299698,0.95744216,1.7482963,3.282357
,,-0.8361326,-1.2791011,1.9040034,0.94647247,3.0257092,3.0809863
,,0.981183,0.45365864,1.8110081,1.5030904,3.449667,1.7293216
,,-1.3160173,-1.7977352,0.9929805,0.7628638,3.429727,2.7332404
,,-0.69768906,-1.0602905,0.56379837,-4.446361,3.700612,1.5984724
,,-1.6033182,-2.189195,2.6602564,-1.2875856,2.3937047,2.436925
,,-0.057115775,-3.635449,1.7815287,0.95930684,3.1940331,2.209359
,,-4.516381,1.1556921,1.8464863,-0.92957497,3.5031304,1.3343151
,,-7.7132854,-0.25073853,2.0028775,-1.2964803,2.9779205,1.4558097
,,-10.015643,-3.8227005,1.1044548,4.705778,3.8891547,1.4758079
,,-10.399579,-4.0587144,1.3995051,-3.8328705,4.0217924,0.9518217
,,-10.223713,-3.7900474,1.7708976,-2.3022633,2.301419,3.0341995
,,-9.961233,-3.7692716,2.6759458,-1.1182342,2.578162,3.117645
,,-6.7401376,0.037423182,1.8834002,0.9921594,0.70423096,0.4837661
,,-4.133934,-1.6761216,0.8266967,1.8001736,0.8873842,0.614133
,,-4.4946666,0.28774425,2.2673852,-1.4683088,0.8806997,1.3466191
,,-4.6217833,3.053848,0.9166473,1.3093095,1.0525947,0.93413514
,,-3.6486995,0.80596256,-0.23553886,2.9359126,1.1297084,1.0674571
,,-2.0641098,-1.7357575,0.962958,1.348332,1.2319577,0.5708971
,,-1.3530906,0.61990327,0.18840851,-0.6235744,1.3748345,0.3428344
,,-3.0184479,-3.9614427,-3.6270273,7.4393964,1.4386613,0.07678481
,,-6.060613,0.008536502,-4.005217,7.3178344,1.66871,-0.27546224
,,-3.9187527,0.22489318,-4.4661756,7.10958,2.0385306,-0.51251304
,,-4.3038144,3.383916,-3.1710987,7.5102415,2.0993717,-0.95451325
,,-5.9824276,-1.7532268,-2.7172987,7.682051,1.5238683,-1.9277903
,,1.9335544,-2.244084,-0.4099036,6.0636406,0.59977055,0.6900523
,,2.8580527,-2.2708035,-2.5487387,6.5066853,3.5265293,2.9377184
,,2.1659749,-2.6331284,-2.423332,5.5828953,4.915159,2.105019
,,-1.0272336,-5.226979,-2.50595,7.555565,3.501553,-1.5859482
,,2.0043721,-2.7169702,-6.620036,0.069983624,3.1358125,-1.4859462
,,3.4739416,-1.9114797,-2.9140882,7.39886,4.81907,1.9954752
,,1.0150757,-3.3388588,-1.6508706,7.1706743,1.9305483,-1.5292121
,,0.41165522,-1.0117625,-2.4308484,7.4495263,1.4388169,1.4645865
,,3.4493604,-2.3331926,-2.8580973,7.5738373,1.4388169,1.4645865
,,0.08157671,-3.081211,-3.0786567,7.05016,1.4310763,1.5056509
,,-1.9585799,-5.0847535,-2.0821934,7.323131,1.4232811,1.5465096
,,1.487806,-2.3562858,-2.5713046,6.684302,1.407584,1.6274512
,,1.7463206,-2.5303009,-10.216438,0.9895047,1.3918723,1.7071271
,,1.5291278,-2.9755452,-8.796327,3.526,1.384054,1.7464072
,,0.21625422,-4.7791924,-9.335969,1.5444558,1.3762851,1.7852732
,,1.5262746,4.531477,-7.4625053,4.869757,1.3609581,1.8616592
,,-3.0695379,-5.6087813,-6.803439,4.691965,-6.9375954,0.29349357
,,0.87372535,-1.8768798,-9.408698,-2.6986237,3.7909324,1.7094163
,,3.4739437,-1.9298764,-0.947838,3.7490304,5.229963,2.0492396
,,1.593937,-0.7600736,-0.20498751,1.8143463,3.0916698,2.9234548
,,1.4561828,-4.9153523,-0.9520817,3.761849,3.8900561,2.6753633
,,0.4676763,-5.021439,0.73048687,-0.53438425,4.020664,1.6257267
,,0.2088983,-4.775153,0.507252,-0.6715058,0.4852517,5.0489182
,,1.3180283,-5.012294,1.0201639,1.4925914,1.6909308,4.3246474
,,0.65908366,-4.733923,1.2981954,-0.9704159,5.352112,2.2825418
,,-0.067611896,-4.7022734,1.4460244,-0.7457282,3.7095335,2.4970045
,,1.3137162,-4.9363866,-0.6159046,1.3035756,4.4442124,2.5828948
,,0.97762597,-5.1065617,-0.78497577,6.662299,4.149959,2.3852189
,,1.1409093,-5.052465,-0.6029495,2.443139,3.725711,2.3178246
,,1.4580477,-4.8763757,-0.26720655,2.0922115,3.880534,2.415341
,,1.0523373,-5.123215,-1.177525,3.0351105,4.6877933,2.0615137
,,1.1451527,-5.0909915,-0.4551727,5.146172,5.4264154,2.326628
,,0.97762597,-5.1065617,-0.85982215,2.0770435,4.481832,2.4524171
,,-0.55938405,-1.6436,-0.21784613,5.98621,2.2118201,-2.5474777
,,-0.794889,-5.1580048,-1.5548949,3.3804157,0.69793284,1.0418587
,,-0.2954017,-5.1008916,-1.219785,2.5214303,1.0998733,1.534434
,,1.8149678,-3.047885,-1.14171,0.077407196,4.8289995,-0.16052397
,,3.5387442,-1.752442,-0.623315,2.2246888,-9.249459,-2.9144692
,,2.4936345,-2.2415435,-1.7839868,2.184251,-9.88347,-2.480409
,,0.7005346,-5.234753,-0.7764283,2.258041,-7.202623,-0.124347724
,,-2.3443615,-2.648017,-0.2608197,1.1755133,-1.9585385,0.45305172
,,-0.76149017,-2.9327142,-1.0009542,2.8582125,2.0147233,0.42627284
,,0.22729391,-3.5344253,0.8579677,-3.4328568,3.0994806,0.7360909
,,-1.5414836,-2.8832076,3.8492546,-1.4406048,3.1695073,1.710325
,,-0.17896798,2.4276173,1.9821999,-2.6784997,3.843445,0.94928837
,,2.0093439,-2.0285575,-10.19097,1.2246646,2.931165,-2.9154036
,,1.7032784,-1.9388142,3.3954034,3.225911,2.3600962,-2.9821672
,,-0.5926617,-3.979442,2.6639965,-2.0987785,1.3836353,-2.9421597
,,0.981183,0.45365864,1.1916149,-2.2525494,-1.0306869,-1.5436935
,,-0.49808237,-2.8327901,2.3902411,-2.3215022,-1.0306869,-1.5436935
,,0.15223396,-1.5316073,0.15535516,-2.805914,-5.855396,1.6196157
,,0.8735655,-1.8102915,0.82401,-3.3670385,-5.855396,1.6196157
,,0.71987575,-2.9078126,1.146481,-2.6224363,0.47800443,0.2543876
,,1.9765569,-0.6389701,1.9352239,0.6011339,1.4038368,-1.9678899
,,0.2955688,0.3916555,1.7966723,0.21556099,2.5879192,0.29269788
,,-0.33845162,-1.5955173,1.7966723,0.21556099,1.1466681,1.7484683
,,0.26291233,-3.530525,0.96953905,-0.601155,1.6205074,1.0904075
,,-0.5603162,-3.8127544,1.8545921,0.74444765,1.6887501,1.1931717
,,-0.6518964,-1.8449647,1.5319891,-2.7695246,1.824436,0.71261567
,,-0.90518826,-2.7674367,0.9184494,-0.082086235,1.979001,0.48081347
,,0.23351525,1.798801,0.9476983,1.150185,2.061693,0.24662688
,,-0.76694787,-2.9715881,0.98036474,-0.017919641,3.544107,-0.34510675
,,1.4911073,-2.3478022,1.8820882,1.342839,2.1607602,0.028127968
,,-0.33813116,-2.5249467,2.2304065,-4.061208,3.0345101,-1.0020953
,,-0.7655347,-2.8346238,2.0474987,-1.5993922,1.843704,0.106806315
,,0.23381284,-3.523766,1.8622526,0.94678754,0.7131781,0.75458914
,,-1.3932998,-2.0286741,1.9175401,-2.0641332,0.8131379,1.7070762
,,-0.52670383,-3.614265,2.3373647,-0.06086856,1.0044589,1.3240182
,,0.07928198,-3.9022462,,,1.0720205,1.429313
,,1.2198037,-2.2194874,,,1.1994634,0.9559738
,,1.0578827,-2.549889,,,1.3546145,0.71886337
,,-3.4233918,-5.175391,,,1.4298159,0.48399693
,,2.8131742,-1.267721,,,1.6775421,0.08472597
,,1.7651235,-2.4998264,,,1.6464183,-1.5955037
,,1.1080604,3.0573235,,,2.0581543,-0.17801742
,,2.5304306,-1.5386486,,,2.1626654,-0.6138712
,,1.0513344,-2.5628853,,,0.88832176,0.8734871
,,-0.5959396,-3.5162222,,,3.8030357,-0.83486885
,,0.888319,-2.4205534,,,0.6122428,0.892243
,,0.61421525,-2.3568869,,,3.1473703,-2.0861712
,,2.2034388,-1.5919076,,,3.5556188,3.6500285
,,-3.3385186,-5.1039257,,,1.4234315,-2.8902798
,,-1.7572583,0.59329516,,,-2.804927,1.1658248
,,1.360504,-2.437895,,,-0.20412901,-1.4275529
,,0.8530156,-2.0951223,,,0.1589224,-2.7389624
,,2.8131742,-1.267721,,,2.4815419,-2.5126398
,,0.9552093,-2.53142,,,1.1090709,-2.8826475
,,1.5354203,-2.104844,,,1.528939,-2.9954994
,,0.8704569,-0.5866099,,,0.29333064,-3.265647
,,1.8007084,-2.9343395,,,-0.20888415,-1.0784928
,,-10.31482,-3.9248967,,,1.8841988,-2.9514902
,,,,,,-0.6412924,4.8631024
,,,,,,-1.7026846,1.1017607
,,,,,,-1.403824,1.6990165
,,,,,,-2.6429071,-1.7090929
,,,,,,0.08376003,-0.638953
,,,,,,-1.1198943,1.8266454
,,,,,,0.49301276,-0.48621073
,,,,,,-0.001783913,-2.8779576
,,,,,,-0.32203037,0.9676283
,,,,,,-3.0516496,1.806554
,,,,,,-0.48307315,-0.8711083
,,,,,,1.1355538,-0.59434855
,,,,,,-0.9756642,0.92421275
,,,,,,0.62418884,-2.0970736
,,,,,,0.5632659,1.3164359
,,,,,,-4.330584,1.0716399
,,,,,,-4.330584,1.0716399
,,,,,,1.518241,0.2046789
,,,,,,0.71868813,0.14437452
,,,,,,0.57816404,4.5963316
,,,,,,3.711115,2.2553215
,,,,,,0.7192401,4.8513045
,,,,,,-3.3538346,1.5530837
,,,,,,0.76564795,-3.8436954
,,,,,,-0.14644408,-0.9517182
,,,,,,1.31337,-3.924912
,,,,,,-0.24683657,4.3531823
,,,,,,0.2066651,4.354477
,,,,,,-1.3150567,0.9117825
,,,,,,-0.90224427,2.3094592
,,,,,,-1.1652328,1.9631879
,,,,,,-0.63084805,4.327895
,,,,,,3.0021086,-2.2850025
,,,,,,3.1935787,1.7544582
,,,,,,0.9237141,-3.785826
,,,,,,-0.798143,2.4770606
,,,,,,2.490131,1.5390491
,,,,,,1.1616278,-0.46662208
,,,,,,-9.837773,-0.44617754
,,,,,,-8.007585,0.5933315
,,,,,,-6.7765474,0.1793208
,,,,,,-7.219916,0.06532168
,,,,,,-9.86047,-0.1290488
,,,,,,-7.7866573,0.17449003
,,,,,,-7.04917,-0.021629147
,,,,,,-8.412388,-1.2204592
,,,,,,-6.2458444,1.3174481
,,,,,,-8.803548,-1.6162528
,,,,,,-9.273097,-1.2743584
,,,,,,-8.623891,-1.061555
,,,,,,-4.8638415,1.3380684
,,,,,,-5.079477,1.6020255
,,,,,,-9.028607,-0.08293614
,,,,,,-8.876225,0.19354247
,,,,,,-9.753994,-2.8713217
,,,,,,-9.866746,-1.2489384
,,,,,,-8.681084,-2.8207617
,,,,,,-9.698917,-0.8159302
,,,,,,-10.038125,-2.4413388
,,,,,,-9.1370535,-2.9348004
,,,,,,-9.516928,-1.8893778
,,,,,,-9.905848,-2.0966437
,,,,,,0.8847406,0.27864885
,,,,,,-10.047451,-1.1188874
,,,,,,-9.86638,-1.9275155
,,,,,,-9.383335,-0.37789053
,,,,,,-9.945186,-1.3653783
,,,,,,-10.050423,-1.4518193
,,,,,,-9.843083,-1.0741323
,,,,,,-10.049733,-0.7677901
,,,,,,-9.942438,-1.5972049
,,,,,,-9.913997,-2.4599962
,,,,,,-9.539107,-0.5095573
,,,,,,-9.950057,-2.8923998
,,,,,,-9.929065,-2.9266362
,,,,,,-9.850782,-1.2304171
,,,,,,-9.860518,-1.3311127
,,,,,,-9.880947,-1.5697848
,,,,,,-9.974446,-1.4438078
,,,,,,-1.9829085,4.428872
,,,,,,-1.2836748,1.0986238
,,,,,,-1.3582158,-0.13756053
,,,,,,-0.9756642,0.92421275
,,,,,,-0.84697884,-0.084370255
,,,,,,-3.0409307,4.435736
,,,,,,0.4131022,4.2438297
,,,,,,-3.0409307,4.435736
,,,,,,-2.388059,5.2497716
,,,,,,-2.8271222,6.8051567
,,,,,,-0.4041762,0.010618328
,,,,,,-0.17617616,-1.7926427
,,,,,,0.71445227,1.2241534
,,,,,,-0.8057261,5.4237237
,,,,,,-1.0101578,-1.6955361
,,,,,,-0.30679527,0.3783176
,,,,,,-2.8765686,-0.9008127
,,,,,,-3.127202,0.7588227
,,,,,,-1.0264233,4.3927555
,,,,,,-2.978905,2.8215854
,,,,,,-1.0841552,5.6292
,,,,,,-3.0245585,7.2365465
,,,,,,-1.0101578,-1.6955361
,,,,,,-0.55840105,1.2015586
,,,,,,1.153452,1.7228284
,,,,,,-1.3777378,-1.6777518
,,,,,,-3.127202,0.7588227
,,,,,,-2.216507,4.409579
,,,,,,-2.287451,4.414408
,,,,,,0.6123585,0.28398544
,,,,,,2.9570665,4.551021
,,,,,,-0.010480605,0.8308777
,,,,,,4.942539,1.157655
,,,,,,3.7685983,0.92940193
,,,,,,3.8932178,1.0705436
,,,,,,-0.20809044,-4.634751
,,,,,,3.2354577,-0.03150878
,,,,,,3.1891034,0.17971876
,,,,,,3.3673131,4.9803643
,,,,,,3.5584936,0.76982963
,,,,,,3.1580145,-2.7020507
,,,,,,1.8119031,-1.8405741
,,,,,,4.466871,1.5527402
,,,,,,4.1249638,1.2532936
,,,,,,4.303579,1.4544497
,,,,,,3.2309167,1.9020476
,,,,,,3.8783102,1.0090278
,,,,,,4.5219746,1.6146892
,,,,,,3.6793756,-1.7115966
,,,,,,2.6784592,4.3402257
,,,,,,4.063642,1.2246848
,,,,,,2.8932595,0.13699155
,,,,,,2.2009795,3.8270338
,,,,,,2.7343068,-3.072544
,,,,,,3.2814984,-2.0850158
,,,,,,4.729084,0.11409656
,,,,,,2.9385297,-3.0520668
,,,,,,4.5059056,-0.36058414
,,,,,,2.7927842,-3.250071
,,,,,,3.565947,0.81169856
,,,,,,3.7796984,0.8699387
,,,,,,3.6022546,1.3600693
,,,,,,3.1080894,3.1011944
,,,,,,4.232527,-0.71798706
,,,,,,4.5152774,1.80192
,,,,,,3.6695952,-0.7179658
,,,,,,3.141724,0.87930983
,,,,,,4.5628953,-0.18443803
,,,,,,4.080647,1.4320977
,,,,,,3.9006038,1.1161683
,,,,,,3.442802,1.185997
,,,,,,0.82951874,0.24872498
,,,,,,1.7127842,0.4002906
,,,,,,2.0522587,0.3270042
,,,,,,0.5918158,-0.07492784
,,,,,,1.4606469,4.1174126
,,,,,,1.3597194,-2.6314156
,,,,,,1.195632,0.09257425
,,,,,,2.8887694,2.5019267
,,,,,,3.968634,1.7421386
,,,,,,1.7906342,0.11075514
,,,,,,1.3859789,-0.44492725
,,,,,,1.1936668,-0.44090483
,,,,,,1.4308442,-0.53218365
,,,,,,0.29396185,4.81869
,,,,,,1.204125,5.876216
,,,,,,1.0532067,0.19224839
,,,,,,1.6503545,-1.3193456
,,,,,,0.44397688,4.480318
,,,,,,-1.7286814,1.8423988
,,,,,,1.1444095,-3.6708508
,,,,,,0.021207491,1.9646552
,,,,,,1.25076,-0.17973302
,,,,,,-0.29714444,4.3569665
,,,,,,4.387209,1.4932556
,,,,,,2.4742365,-2.9406495
,,,,,,2.1410894,-0.38510862
,,,,,,2.6317139,4.5097275
,,,,,,0.8798274,0.34931085
,,,,,,2.460381,-3.3077416
,,,,,,2.3019216,-1.2048119
,,,,,,2.2710536,-0.6137125
,,,,,,4.189325,1.3216418
,,,,,,0.7428702,0.41907766
,,,,,,2.4857032,-2.926543
,,,,,,1.9579043,0.09257987
,,,,,,3.6653605,-2.4636848
,,,,,,2.6904495,4.7562604
,,,,,,3.4102614,1.6235596
,,,,,,4.387209,1.4932556
,,,,,,2.2316148,-0.48729053
,,,,,,2.674372,0.88381773
,,,,,,1.3095511,-0.43548575
,,,,,,4.3222027,1.4353279
,,,,,,2.3288991,-3.6329463
,,,,,,1.4363663,-0.927894
,,,,,,1.1905824,-3.593533
,,,,,,2.2887154,-1.91903
,,,,,,2.5637991,-1.963032
,,,,,,2.0716283,4.3721666
,,,,,,1.9561387,-0.010851476
,,,,,,1.4814957,0.15877602
,,,,,,2.9468074,4.923433
,,,,,,1.2325274,3.2083611
,,,,,,2.4691374,4.76959
,,,,,,1.0080281,2.7276287
