formula,sintering_temp_C,sintering_time_h,sintering_time_missing,crystal_system,phase_transition,epsilon_r
Ca0.8Sr0.2SnO3,1540,4.0,0,orthorhombic,0,8.5
Ca1Ti0.53Al0.235Nb0.235O3,1500,5.0,0,orthorhombic,0,49.8
Ca1Ti0.5Al0.25Nb0.25O3,1500,5.0,0,orthorhombic,0,48.0
Ca1Ti0.4Al0.3Nb0.3O3,1500,5.0,0,orthorhombic,0,41.3
Ca1Ti0.3Al0.35Nb0.35O3,1500,5.0,0,orthorhombic,0,36.8
Ca1Ti0.7Al0.15Nb0.15O3,1450,5.0,0,orthorhombic,0,65.4
Ca1Ti0.6Al0.2Nb0.2O3,1450,5.0,0,orthorhombic,0,54.3
Ca1Ti0.53Al0.235Nb0.235O3,1450,5.0,0,orthorhombic,0,48.5
Ca1Ti0.5Al0.25Nb0.25O3,1450,5.0,0,orthorhombic,0,48.1
Ca1Ti0.4Al0.3Nb0.3O3,1450,5.0,0,orthorhombic,0,41.2
Ca1Ti0.3Al0.35Nb0.35O3,1450,5.0,0,orthorhombic,0,36.4
Ca1Ti0.7Al0.15Nb0.15O3,1300,5.0,0,orthorhombic,0,69.0
Ca1Ti0.6Al0.2Nb0.2O3,1300,5.0,0,orthorhombic,0,56.6
Ca1Ti0.53Al0.235Nb0.235O3,1300,5.0,0,orthorhombic,0,49.4
Ca1Ti0.5Al0.25Nb0.25O3,1300,5.0,0,orthorhombic,0,48.0
Ca1Ti0.4Al0.3Nb0.3O3,1300,5.0,0,orthorhombic,0,41.1
Ca1Ti0.3Al0.35Nb0.35O3,1300,5.0,0,orthorhombic,0,36.4
Sm0.6Ca0.4Co0.3Ti0.7O3,1420,4.0,0,cubic,1,37.0
Ca0.6Sr0.4Al0.3Nb0.3Ti0.4O3,1500,4.0,0,orthorhombic,0,37.2
Ca4.9Zn0.1Nb4TiO17,1360,4.0,0,monoclinic,0,40.3
Ca4.8Zn0.2Nb4TiO17,1340,4.0,0,monoclinic,0,37.9
Ca4.7Zn0.3Nb4TiO17,1300,4.0,0,monoclinic,0,45.8
Ca4.6Zn0.4Nb4TiO17,1260,4.0,0,monoclinic,0,52.0
Ca1Ti0.6Al0.2Nb0.2O3,1500,5.0,0,orthorhombic,0,55.7
Ca1Ti0.7Al0.15Nb0.15O3,1500,5.0,0,orthorhombic,0,67.8
SrLa3Ti2NbO12,1480,6.0,0,hexagonal,0,41.0
Sr2La2TiNb2O12,1450,6.0,0,hexagonal,0,39.0
Ba2Sr1LaNb3O12,1400,4.0,1,hexagonal,0,39.5
Ba1.5Sr1.5LaNb3O12,1405,4.0,1,hexagonal,0,38.95
Ba1Sr2LaNb3O12,1415,4.0,1,hexagonal,0,37.1
Sr3LaNb3O12,1430,4.0,1,hexagonal,0,35.8
Ba1La0.5Nb0.5O3,1575–1600,4.0,0,tetragonal,0,45.0
Ba1Pr0.5Nb0.5O3,1575–1600,4.0,0,tetragonal,0,44.5
Ba1Nd0.5Nb0.5O3,1575–1600,4.0,0,orthorhombic,0,44.0
Ba1Sm0.5Nb0.5O3,1575–1600,4.0,0,orthorhombic,0,43.0
Ba1Eu0.5Nb0.5O3,1575–1600,4.0,0,orthorhombic,0,40.0
Ba1Gd0.5Nb0.5O3,1575–1600,4.0,0,orthorhombic,0,40.0
Ba1Tb0.5Nb0.5O3,1575–1600,4.0,0,monoclinic,0,39.0
Ba1Dy0.5Nb0.5O3,1575–1600,4.0,0,monoclinic,0,38.9
Ba1Y0.5Nb0.5O3,1575–1600,4.0,0,cubic,0,37.0
Ba1Yb0.5Nb0.5O3,1575–1600,4.0,0,cubic,0,36.0
Ba8Ta4Ti3O23.5,1400,40.0,0,hexagonal,0,40.0
Ba8Ta4.32Ti2.6O23.54,1400,40.0,0,hexagonal,0,36.0
Ba8Ta4.64Ti2.2O23.58,1400,40.0,0,hexagonal,0,44.0
Ba10Ta7.04Ti1.2O29.88,1400,40.0,0,hexagonal,0,35.0
Ba10Ta7.28Ti0.9O29.91,1400,40.0,0,hexagonal,0,35.0
Ba10Ta7.52Ti0.6O29.94,1400,40.0,0,hexagonal,0,34.0
Ba5Ta4O15,1400,40.0,0,trigonal,0,28.0
Ba5Sr2Ta4ZrO21,1400,40.0,0,trigonal,0,27.0
Sr3LaNb3O12,1430,6.0,0,hexagonal,0,36.0
Ba1Ho0.5Nb0.5O3,1575–1600,4.0,0,monoclinic,0,38.0
Ca1Ti0.70Al0.15Ta0.15O3,1500,15.0,0,orthorhombic,0,65.4
Ca1Ti0.60Al0.20Ta0.20O3,1500,3.0,0,orthorhombic,0,52.2
Ca1Ti0.60Al0.20Ta0.20O3,1500,5.0,0,orthorhombic,0,52.3
Ca1Ti0.60Al0.20Ta0.20O3,1500,10.0,0,orthorhombic,0,52.4
Ca1Ti0.60Al0.20Ta0.20O3,1500,15.0,0,orthorhombic,0,52.0
Ca1Ti0.54Al0.23Ta0.23O3,1500,3.0,0,orthorhombic,0,46.6
Ca1Ti0.54Al0.23Ta0.23O3,1500,5.0,0,orthorhombic,0,46.7
Ca1Ti0.54Al0.23Ta0.23O3,1500,10.0,0,orthorhombic,0,46.8
Ca1Ti0.54Al0.23Ta0.23O3,1500,15.0,0,orthorhombic,0,46.5
Ca1Ti0.50Al0.25Ta0.25O3,1500,3.0,0,orthorhombic,0,41.4
Ca1Ti0.70Al0.15Ta0.15O3,1500,10.0,0,orthorhombic,0,65.7
Ca1Ti0.50Al0.25Ta0.25O3,1500,10.0,0,orthorhombic,0,41.5
Ca0.70La0.15Nd0.15Ti0.70Al0.30O3,1450-1540,3.0,0,orthorhombic,0,41.5
Ca0.70La0.30Ti0.70Ga0.30O3,1450-1540,3.0,0,orthorhombic,0,49.4
Ca0.70La0.30Ti0.70Ga0.15Al0.15O3,1450-1540,3.0,0,orthorhombic,0,45.2
Ca0.70La0.15Nd0.15Ti0.70Ga0.15Al0.15O3,1450-1540,3.0,0,orthorhombic,0,45.2
Ca0.67La0.165Nd0.165Ti0.67Ga0.33O3,1450-1540,3.0,0,orthorhombic,0,44.7
Ca0.66La0.17Nd0.17Ti0.66Ga0.34O3,1450-1540,3.0,0,orthorhombic,0,44.1
Ca0.64La0.18Nd0.18Ti0.64Ga0.36O3,1450-1540,3.0,0,orthorhombic,0,43.6
Ca0.66La0.34Ti0.66Ga0.34O3,1450-1540,3.0,0,orthorhombic,0,47.5
Ca0.64La0.36Ti0.64Ga0.36O3,1450-1540,3.0,0,orthorhombic,0,46.5
Ba2.5Sr0.5LaNb3O12,1390,4.0,1,hexagonal,0,41.86
Ca1Ti0.70Al0.15Ta0.15O3,1500,5.0,0,orthorhombic,0,65.6
CaLa4Ti4O15,1550,24.0,0,trigonal,0,41.1
Ba1Zn0.300Nb0.600Zr0.100O3,1400,4.0,0,cubic,0,38.0
Ba0.80Sr0.20Zn0.313Ta0.627Ti0.060O3,1400,4.0,0,hexagonal,0,42.0
Ba0.75Sr0.25Zn0.313Ta0.627Ti0.060O3,1400,4.0,0,hexagonal,0,40.0
Ba4LaTiNb3O15,1450,4.0,0,hexagonal,0,52.0
Ba4LaSnNb3O15,1480,4.0,0,hexagonal,0,39.0
Ca0.65Sm0.315Nd0.035Ti0.65Al0.35O3,1415,3.0,0,orthorhombic,0,39.7
Ca0.25Sm0.675Nd0.075Ti0.25Al0.75O3,1400,3.0,0,orthorhombic,0,22.74
Ca0.35Sm0.585Nd0.065Ti0.35Al0.65O3,1400,3.0,0,orthorhombic,0,25.84
Ca0.45Sm0.495Nd0.055Ti0.45Al0.55O3,1400,3.0,0,orthorhombic,0,29.38
Ca0.55Sm0.405Nd0.045Ti0.55Al0.45O3,1370,3.0,0,orthorhombic,0,32.85
Ca0.75Sm0.225Nd0.025Ti0.75Al0.25O3,1370,3.0,0,orthorhombic,0,50.21
Ca1Ti0.70Al0.15Ta0.15O3,1500,3.0,0,orthorhombic,0,65.5
Ca0.85Sm0.135Nd0.015Ti0.85Al0.15O3,1370,3.0,0,orthorhombic,0,69.2
Ba1Zn0.333Co0.000Nb0.667O3,1390,4.0,0,cubic,0,41.4
Ba1Zn0.267Co0.067Nb0.667O3,1410,4.0,0,cubic,0,40.1
Ba1Zn0.200Co0.133Nb0.667O3,1430,4.0,0,cubic,0,38.2
Ba1Zn0.133Co0.200Nb0.667O3,1430,4.0,0,cubic,0,35.8
Ba1Zn0.067Co0.267Nb0.667O3,1390,4.0,0,cubic,0,33.9
BaLa4Ti4O15,1600,2.0,0,trigonal,0,44.4
SrLa4Ti4O15,1550,48.0,0,trigonal,0,43.7
CaTi0.60Mg0.1333Nb0.2667O3,1400,4.0,0,orthorhombic,0,62.97
Ba3LaNb3O12,1380,4.0,1,hexagonal,0,44.8
Pb0.40Ca0.60Fe0.495Nb0.495Zr0.01O3,1200,3.0,0,orthorhombic,0,68.4
La1Al1O3,1500 or 1550,20.0,0,rhombohedral,0,22.0
La0.75Sr0.25Al0.75Ti0.25O3,1500 or 1550,20.5,0,rhombohedral,0,26.0
La0.55Sr0.45Al0.55Ti0.45O3,1500 or 1550,21.0,0,rhombohedral,0,29.0
La0.50Sr0.50Al0.50Ti0.50O3,1500 or 1550,21.5,0,rhombohedral,0,33.0
La0.45Sr0.55Al0.45Ti0.55O3,1500 or 1550,22.0,0,rhombohedral,0,34.0
La0.40Sr0.60Al0.40Ti0.60O3,1500 or 1550,22.5,0,rhombohedral,0,39.0
La0.25Sr0.75Al0.25Ti0.75O3,1500 or 1550,23.0,0,rhombohedral,0,46.0
Ba0.99Zn0.10Co0.2333Nb0.6667O3,1450,10.0,0,cubic,0,33.7
Ba0.993La0.0067Zn0.10Co0.2333Nb0.6667O3,1425,10.0,0,cubic,0,34.0
La1Zn0.5Ti0.5O3,1550,2.0,0,cubic,0,34.0
Ba5Ta4O15,1550,4.0,0,hexagonal,0,30.2
Ba4Sr1Ta4O15,1575,4.0,0,hexagonal,0,32.9
Ba3Sr2Ta4O15,1575,4.0,0,hexagonal,0,34.3
Ba2Sr3Ta4O15,1600,4.0,0,hexagonal,0,35.2
Ba1Sr4Ta4O15,1600,4.0,0,hexagonal,0,33.2
Sr5Ta4O15,1610,4.0,0,hexagonal,0,43.5
Ba5Nb1Ta3O15,1500,4.0,0,hexagonal,0,31.7
Ba5Nb2Ta2O15,1475,4.0,0,hexagonal,0,34.2
Ba5Nb3Ta1O15,1435,4.0,0,hexagonal,0,37.2
Ba5Nb4O15,1380,4.0,0,hexagonal,0,42.0
Li0.774Zr0.057NbO3,1150,1.0,0,orthorhombic,0,30.97
Li0.774Zr0.057NbO3,1150,1.0,0,orthorhombic,0,38.66
Li0.774Zr0.057NbO3,115,1.0,0,orthorhombic,0,27.75
Li0.774Zr0.057NbO3,1150,1.0,0,orthorhombic,0,33.01
Ba6Nb4ZrO18,1625,2.0,0,rhombohedral,0,32.4
Ba6Ta4TiO18,1550,4.0,0,hexagonal,0,29.3
Ba5SrNb4TiO18,1450,4.0,0,rhombohedral,0,50.8
Ba5SrNb4ZrO18,1600,4.0,0,rhombohedral,0,39.5
Ba5SrTa4TiO18,1550,4.0,0,hexagonal,0,34.9
Ba1Zn0.333Ta0.667O3,1350,120.0,0,hexagonal,0,29.5
Ba1Zn0.333Ta0.667O3,1550,2.0,0,hexagonal,0,29.6
Ba1Zn0.333Ta0.667O3,1650,2.0,0,hexagonal,0,28.4
Ba1Zn0.333Ta0.667O3,1400,2.0,0,hexagonal,0,30.2
Nd1Co0.5Ti0.5O3,1440,4.0,0,unknown,0,27.0
Nd0.9Sr0.1Co0.45Ti0.55O3,1440,4.0,0,unknown,0,29.32
Ba2Sr1YNb3O12,1450,4.0,0,unknown,0,34.1
Ba1Sr2YNb3O12,1450,4.0,0,unknown,0,34.7
Sr3YNb3O12,1450,4.0,0,hexagonal,0,34.9
Ba1Zn0.33Ta0.67O3,1500,4.0,0,trigonal,0,29.1
Ba1Zn0.33Ta0.67O3,1500,4.0,0,trigonal,0,30.4
Sr0.1Ba0.9Ti0.1Zn0.3Ta0.6O3,1500,4.0,0,trigonal,0,33.7
Ba1Mg0.333Nb0.667O3,1350,4.0,0,unknown,0,31.2
Ba1Mg0.333Nb0.667O3,1500,4.0,0,unknown,0,31.5
Ba1Mg0.333Nb0.667O3,1350,4.0,0,unknown,0,31.0
Ba1Zn0.25Ta0.50Ti0.33O3,1320,2.0,0,unknown,0,31.5
Ba1Sn0.226Zn0.255Nb0.515O3,1500,6.0,0,cubic,0,32.0
Ba3YNb3O12,1450,4.0,0,rhombohedral,0,29.9
La0.680Al0.04Ti0.96O3,1325,33.0,0,orthorhombic,0,71.9
La0.687Al0.06Ti0.94O3,1325,33.0,0,orthorhombic,0,67.6
La0.693Al0.08Ti0.92O3,1350,33.0,0,orthorhombic,0,66.9
Ca4La2Ti4Mg0.333Nb0.667O17,1540,4.0,0,orthorhombic,0,59.3
Ca4La2Ti3Mg0.667Nb1.333O17,1540,4.0,0,orthorhombic,0,49.21
Ca4La2Ti2.5Mg0.833Nb1.667O17,1540,4.0,0,orthorhombic,0,44.36
Ca4La2Ti2Mg1Nb2O17,1540,4.0,0,orthorhombic,0,40.45
Ca4La2Ti1Mg1.333Nb2.667O17,1540,4.0,0,orthorhombic,0,35.23
Pb0.55Ca0.45Fe0.475Nb0.475Zr0.05O3,1150,3.0,0,orthorhombic,0,108.5
Pb0.50Ca0.50Fe0.475Nb0.475Zr0.05O3,1150,3.0,0,orthorhombic,0,94.3
Pb0.45Ca0.55Fe0.475Nb0.475Zr0.05O3,1150,3.0,0,orthorhombic,0,81.2
Pb0.40Ca0.60Fe0.475Nb0.475Zr0.05O3,1150,3.0,0,orthorhombic,0,67.2
Ca4La2Ti5O17,1540,4.0,0,orthorhombic,0,71.86
Pb0.55Ca0.45Fe0.475Nb0.475Zr0.05O3,1200,3.0,0,orthorhombic,0,100.1
Pb0.45Ca0.55Fe0.475Nb0.475Zr0.05O3,1200,3.0,0,orthorhombic,0,86.8
Pb0.40Ca0.60Fe0.475Nb0.475Zr0.05O3,1200,3.0,0,orthorhombic,0,70.1
Pb0.60Ca0.40Fe0.495Nb0.495Zr0.01O3,1150,3.0,0,orthorhombic,0,126.7
Pb0.55Ca0.45Fe0.495Nb0.495Zr0.01O3,1150,3.0,0,orthorhombic,0,90.6
Pb0.50Ca0.50Fe0.495Nb0.495Zr0.01O3,1150,3.0,0,orthorhombic,0,86.3
Pb0.45Ca0.55Fe0.495Nb0.495Zr0.01O3,1150,3.0,0,orthorhombic,0,82.5
Pb0.40Ca0.60Fe0.495Nb0.495Zr0.01O3,1150,3.0,0,orthorhombic,0,68.7
Pb0.60Ca0.40Fe0.495Nb0.495Zr0.01O3,1200,3.0,0,orthorhombic,0,128.4
Pb0.55Ca0.45Fe0.495Nb0.495Zr0.01O3,1200,3.0,0,orthorhombic,0,97.1
Pb0.50Ca0.50Fe0.495Nb0.495Zr0.01O3,1200,3.0,0,orthorhombic,0,89.2
Pb0.45Ca0.55Fe0.495Nb0.495Zr0.01O3,1200,3.0,0,orthorhombic,0,85.3
Pb0.50Ca0.50Fe0.475Nb0.475Zr0.05O3,1200,3.0,0,orthorhombic,0,96.5
Ba1Zn0.20Co0.133Nb0.667O3,1375,10.0,0,trigonal,0,35.5
Ba1Co0.233Zn0.100Nb0.667O3,1400,20.0,0,hexagonal,0,34.5
La0.8Ti0.6Al0.4O3,1425,33.0,0,cubic,0,38.7
La0.700Al0.10Ti0.90O3,1350,33.0,0,tetragonal,0,62.6
La0.708Al0.125Ti0.875O3,1350,33.0,0,tetragonal,0,60.7
La0.717Al0.15Ti0.85O3,1375,33.0,0,tetragonal,0,57.7
La0.733Al0.20Ti0.80O3,1400,33.0,0,cubic,0,53.9
La0.767Al0.30Ti0.70O3,1425,33.0,0,cubic,0,44.9
La0.800Al0.40Ti0.60O3,1400,33.0,0,cubic,0,39.6
La0.833Al0.50Ti0.50O3,1425,33.0,0,cubic,0,34.4
La0.680Al0.04Ti0.96O3,1350,33.0,0,orthorhombic,0,70.4
La0.687Al0.06Ti0.94O3,1325,33.0,0,orthorhombic,0,68.0
La0.693Al0.08Ti0.92O3,1375,33.0,0,orthorhombic,0,66.7
La0.700Al0.10Ti0.90O3,1350,33.0,0,tetragonal,0,65.3
Ba1Co0.333Nb0.667O3,1450,4.0,0,cubic,0,32.0
La0.708Al0.125Ti0.875O3,1350,33.0,0,tetragonal,0,60.8
La0.733Al0.20Ti0.80O3,1400,33.0,0,cubic,0,53.1
La0.767Al0.30Ti0.70O3,1400,33.0,0,cubic,0,46.3
La0.800Al0.40Ti0.60O3,1400,33.0,0,cubic,0,40.0
La0.833Al0.50Ti0.50O3,1425,33.0,0,cubic,0,36.6
La0.8Ti0.6Al0.4O3,1350,33.0,0,cubic,0,29.4
La0.8Ti0.6Al0.4O3,1350,33.0,0,cubic,0,34.2
La0.8Ti0.6Al0.4O3,1375,33.0,0,cubic,0,35.1
La0.8Ti0.6Al0.4O3,1375,33.0,0,cubic,0,38.7
La0.8Ti0.6Al0.4O3,1400,33.0,0,cubic,0,39.6
La0.8Ti0.6Al0.4O3,1400,33.0,0,cubic,0,40.0
La0.8Ti0.6Al0.4O3,1425,33.0,0,cubic,0,38.3
La0.717Al0.15Ti0.85O3,1375,33.0,0,tetragonal,0,54.4
Ba6Nb4TiO18,1425,4.0,0,rhombohedral,0,46.2
CaTi0.50Mg0.1667Nb0.3333O3,1450,4.0,0,orthorhombic,0,54.31
CaTi0.35Mg0.2167Nb0.4333O3,1450,4.0,0,orthorhombic,0,44.24
Ca0.45Li0.175Dy0.0667Nd0.2417TiO3,1320-1380,3.0,0,orthorhombic,0,100.1
Ca0.45Li0.225Dy0.0333Nd0.2583TiO3,1320-1380,3.0,0,orthorhombic,0,105.1
Ca0.30Li0.20Dy0.10Nd0.30TiO3,1320-1380,3.0,0,orthorhombic,0,97.6
Ca0.20Li0.25Dy0.10Nd0.35TiO3,1320-1380,3.0,0,tetragonal,0,89.4
Ca0.40Li0.25Dy0.0333Nd0.2833TiO3,1320-1380,3.0,0,orthorhombic,0,103.0
Ca0.10Li0.25Dy0.1333Nd0.3833TiO3,1320-1380,3.0,0,tetragonal,0,70.6
Ca0.5Pb0.5Zr0.95Ti0.05O3,1350,2.0,0,rhombohedral,0,72.0
Ca4La2Ti5O17,1550,4.0,0,cubic,0,73.0
Ca0.268Li0.165Sm0.433TiO3,1300,3.0,0,unknown,0,95.5
Ca0.5Pb0.5Fe0.5Ta0.5O3,1100,0.3,0,cubic,0,67.9
Ca0.5Pb0.5Fe0.5Ta0.5O3,1150,0.3,0,cubic,0,79.6
Ca0.5Pb0.5Fe0.5Ta0.5O3,1200,0.3,0,cubic,0,84.0
Ca0.5Pb0.5Fe0.5Ta0.5O3,1250,0.3,0,cubic,0,83.9
Pb1.0ZrO3,1200,2.0,0,orthorhombic,0,129.0
Ba0.05Pb0.95ZrO3,1200,2.0,0,unknown,0,135.0
Pb0.90Sr0.10ZrO3,1300,2.0,0,unknown,0,127.0
Pb0.50Sr0.50ZrO3,1500,2.0,0,unknown,0,101.0
Pb0.40Sr0.60ZrO3,1500,2.0,0,unknown,0,73.0
Pb0.95Ca0.05ZrO3,1250,2.0,0,orthorhombic,0,112.0
Pb0.70Ca0.30ZrO3,1400,2.0,0,rhombohedral,0,132.0
Ca0.45Li0.125Dy0.10Nd0.225TiO3,1320-1380,3.0,0,orthorhombic,0,121.3
Ca0.20Li0.25La0.10Nd0.35TiO3,1320-1380,3.0,0,tetragonal,0,110.4
Ca0.30Li0.20La0.10Nd0.30TiO3,1320-1380,3.0,0,orthorhombic,0,116.0
Ca0.40Li0.15La0.10Nd0.25TiO3,1320-1380,3.0,0,orthorhombic,0,117.0
SrPr4Ti5O17,1550,4.0,0,orthorhombic,0,46.1
Ca0.4Li0.3Nd0.3TiO3,1300-1400,5.0,0,unknown,0,112.6
CaMg0.2Ta0.4Ti0.4O3,1300-1400,5.0,0,unknown,0,60.2
Ca0.6Pb0.4Fe0.5Ta0.5O3,1050,3.0,0,unknown,0,62.0
Pb0.6Ca0.4Fe0.475Nb0.475Sn0.05O3,1150,3.0,0,cubic,0,140.4
Pb0.5Ca0.5Fe0.475Nb0.475Sn0.05O3,1150,3.0,0,orthorhombic,0,102.8
Pb0.48Ca0.52Fe0.475Nb0.475Sn0.05O3,1150,3.0,0,orthorhombic,0,95.0
Pb0.46Ca0.54Fe0.475Nb0.475Sn0.05O3,1150,3.0,0,orthorhombic,0,90.6
Pb0.45Ca0.55Fe0.475Nb0.475Sn0.05O3,1150,3.0,0,orthorhombic,0,88.9
Pb0.4Ca0.6Fe0.475Nb0.475Sn0.05O3,1150,3.0,0,cubic,1,81.0
Pb0.65Ca0.35ZrO3,1450,2.0,0,rhombohedral,0,118.0
Pb0.6Ca0.4Fe0.45Nb0.45Sn0.1O3,1150,3.0,0,cubic,0,138.0
Pb0.48Ca0.52Fe0.45Nb0.45Sn0.1O3,1150,3.0,0,orthorhombic,0,92.4
Pb0.46Ca0.54Fe0.45Nb0.45Sn0.1O3,1150,3.0,0,orthorhombic,0,86.7
Pb0.45Ca0.55Fe0.45Nb0.45Sn0.1O3,1150,3.0,0,orthorhombic,0,85.3
Pb0.4Ca0.6Fe0.45Nb0.45Sn0.1O3,1150,3.0,0,cubic,1,71.1
Ca0.20Li0.34La0.04Nd0.38TiO3,1320-1380,3.0,0,tetragonal,0,132.6
Ca0.40Li0.24La0.04Nd0.28TiO3,1320-1380,3.0,0,orthorhombic,0,136.4
Ca0.60Li0.14La0.04Nd0.18TiO3,1320-1380,3.0,0,orthorhombic,0,142.0
Ca0.60Li0.15La0.0333Nd0.1833TiO3,1320-1380,3.0,0,orthorhombic,0,128.2
Ca0.50Li0.20La0.0333Nd0.2333TiO3,1320-1380,3.0,0,orthorhombic,0,123.0
Ca0.40Li0.25La0.0333Nd0.2833TiO3,1320-1380,3.0,0,orthorhombic,0,121.3
Ca0.60Li0.05La0.10Nd0.15TiO3,1320-1380,3.0,0,orthorhombic,0,117.0
Pb0.5Ca0.5Fe0.45Nb0.45Sn0.1O3,1150,3.0,0,orthorhombic,0,96.8
Pb0.63Ca0.37ZrO3,1450,2.0,0,rhombohedral,0,110.0
Pb0.60Ca0.40ZrO3,1450,2.0,0,rhombohedral,0,94.0
Pb0.50Ca0.50ZrO3,1500,2.0,0,rhombohedral,0,74.0
Ca0.20Sr0.80Ti0.20Mg0.2667Nb0.5333O3,1600,4.0,1,orthorhombic,0,45.0
BaTi0.50Ga0.25Nb0.25O3,1450-1500,4.0,0,cubic,0,86.0
BaTi0.40Ga0.30Nb0.30O3,1450-1501,4.0,0,cubic,0,66.0
BaTi0.30Ga0.35Nb0.35O3,1450-1502,4.0,0,cubic,0,47.0
Ba2La3Ti3NbO15,1470,6.0,0,unknown,0,47.0
Ba3La3Ti4Nb2O18,1480,6.0,0,hexagonal,0,47.44
Sr0.2Ca0.488Nd0.208Ti0.6Al0.5333O3,1520,4.0,0,orthorhombic,0,48.3
Pb0.4Ca0.6Fe0.5Ta0.5O3,1050,3.0,0,unknown,0,62.0
Ba3LaNb3O12,1500,6.0,0,hexagonal,0,43.5
Ca0.28Sm0.28Li0.15Nd0.15TiO3,1300,3.0,0,orthorhombic,0,98.0
SrLa1Pr3Ti5O17,1580,4.0,0,orthorhombic,0,50.0
Ba3LaNb3O12,1450,6.0,0,hexagonal,0,43.6
Ba3LaNb3O12,1400,6.0,0,hexagonal,0,43.8
Ca0.8Sm0.1333TiO3,1450,3.0,0,tetragonal,1,119.0
Ca0.6Sm0.2667TiO3,1450,3.0,0,unknown,0,101.0
Ca0.4Sm0.4TiO3,1450,3.0,0,tetragonal,0,94.5
Ca0.3Li0.35Sm0.35TiO3,1300,3.0,0,orthorhombic,0,114.0
Ca0.5Li0.25Sm0.25TiO3,1300,3.0,0,orthorhombic,0,130.5
Sr0.4Ce0.4TiO3,1300,2.0,0,cubic,0,113.0
Ba3LaNb3O12,1425,6.0,0,hexagonal,0,43.5
Sr0.5Ce0.3333TiO3,1375,2.0,0,cubic,0,123.0
Sr0.625Ce0.25TiO3,1375,2.0,0,cubic,0,143.0
La0.48Ca0.52Co0.24Ti0.76O3,1550,6.0,0,orthorhombic,0,45.0
Nd0.52Ca0.48Co0.26Ti0.74O3,1550,6.0,0,orthorhombic,0,43.0
Ba3LaNb3O12,1375,6.0,0,hexagonal,0,43.9
Sr0.5714Ce0.2857TiO3,1375,2.0,0,cubic,0,136.0
CaTi0.40Mg0.20Nb0.40O3,1450,4.0,0,orthorhombic,0,47.25
SrLa2Pr2Ti5O17,1580,4.0,0,orthorhombic,0,53.5
SrLa4Ti5O17,1500,4.0,0,orthorhombic,0,60.8
Ca3Ba2Nb2TiO12,1475,4.0,0,cubic,0,66.0
Ca2Ba3Nb2TiO12,1500,4.0,0,cubic,0,75.0
Ca1Ba4Nb2TiO12,1470,4.0,0,cubic,0,83.0
Ca3Ba2Ta2TiO12,1540,4.0,0,cubic,0,48.0
Ca2Ba3Ta2TiO12,1524,4.0,0,cubic,0,61.0
CaBa4Ta2TiO12,1500,4.0,0,cubic,0,64.0
Ba3La1Nb3O12,1300–1350,6.0,0,hexagonal,0,48.3
Ba3La1Nb3O12,1300–1350,6.0,0,hexagonal,0,44.2
Ba3La2Ti2Nb2O12,1300–1350,6.0,0,hexagonal,0,42.8
BaLa4Ti4O15,1400-1600,2.0,0,hexagonal,0,45.0
Ba1La3.96Al0.44Ti4O15,1400-1600,2.0,0,hexagonal,0,44.0
BaPr0.3Bi0.2Nb0.5O3,1250–1300,8.0,0,cubic,0,60.7
BaSm0.3Bi0.2Nb0.5O3,1250–1300,8.0,0,cubic,0,50.8
BaGd0.3Bi0.2Nb0.5O3,1250–1300,8.0,0,cubic,0,47.9
BaDy0.3Bi0.2Nb0.5O3,1250–1300,8.0,0,cubic,0,48.6
BaY0.3Bi0.2Nb0.5O3,1250–1300,8.0,0,cubic,0,44.6
BaEr0.3Bi0.2Nb0.5O3,1250–1300,8.0,0,cubic,0,46.1
Ba4Nd1Ti1Nb3O15,1430,3.0,0,hexagonal,0,38.15
Ba3Nd2Ti2Nb2O15,1450,3.0,0,hexagonal,0,46.83
Ba1Sr1La3Ti3NbO15,1520,4.0,1,unknown,0,43.03
Ba1.25Sr0.75La3Ti3NbO15,1510,4.0,1,unknown,0,46.86
Ba1.5Sr0.5La3Ti3NbO15,1500,4.0,1,unknown,0,46.32
Ba1.75Sr0.25La3Ti3NbO15,1490,4.0,1,unknown,0,47.01
CaTi0.30Mg0.2333Nb0.4667O3,1450,4.0,0,orthorhombic,0,41.56
CaLa4Ti4O15,1650-1670,4.0,0,hexagonal,0,44.7
SrLa4Ti4O15,1625,2.0,0,hexagonal,0,45.1
BaLa4Ti4O15,1550,4.0,0,hexagonal,0,49.1
Ca2La4Ti5O18,1650-1670,4.0,0,trigonal,0,49.3
CaLa4Ti5O17,1650-1670,4.0,0,orthorhombic,0,55.2
CaLa8Ti9O31,1650-1670,4.0,0,orthorhombic,0,54.9
BaZn0.3167Nb0.6333Zr0.05O3,1450,2.0,0,cubic,0,42.0
CaLa4Ti4O15,1550,4.0,0,hexagonal,0,43.61
CaLa3.5Nd0.5Ti4O15,1550,4.0,0,hexagonal,0,43.36
CaMg0.300Ta0.600Ti0.100O3,1500–1550,3.0,0,orthorhombic,0,25.4
CaLa3NdTi4O15,1550,4.0,0,orthorhombic,1,43.1
Ba4LaTiTa3O15,1480,6.0,0,hexagonal,0,41.1
Ba4LaTiTa3O15,1500,6.0,0,hexagonal,0,41.4
Ba4LaTiTa3O15,1520,6.0,0,hexagonal,0,42.3
Ba4LaTiTa3O15,1540,6.0,0,hexagonal,0,42.1
Ba2La3Ti3NbO15,1460,4.0,0,hexagonal,0,42.83
Ba3La2Ti2Nb2O15,1445,4.0,0,hexagonal,0,49.37
Sr4LaTiNb3O15,1420,6.0,0,trigonal,0,41.1
Sr4LaTiNb3O15,1440,6.0,0,trigonal,0,42.2
Sr4LaTiNb3O15,1460,6.0,0,trigonal,0,43.3
Sr4LaTiNb3O15,1480,6.0,0,trigonal,0,43.1
Ba2La3Ti3NbO15,1480,4.0,1,unknown,0,48.34
CaLa2Nd2Ti4O15,1525,4.0,0,orthorhombic,1,42.3
CaMg0.267Ta0.533Ti0.200O3,1500–1550,3.0,0,orthorhombic,0,28.7
CaMg0.233Ta0.467Ti0.300O3,1500–1550,3.0,0,orthorhombic,0,33.6
CaMg0.200Ta0.400Ti0.400O3,1500–1550,3.0,0,orthorhombic,0,39.4
Sr0.2Ca0.488Nd0.208Ti0.76Al0.32O3,1520,4.0,0,orthorhombic,0,68.7
Sr0.2Ca0.488Nd0.208Ti0.68Al0.4267O3,1520,4.0,0,orthorhombic,0,57.5
Pb0.2Ca0.15La0.5Mg0.5Nb0.5O3,1350,2.0,0,cubic,0,50.0
La0.66Ni0.01TiO3,1380,10.0,0,unknown,0,51.4
La0.6533Ni0.02TiO3,1377,10.0,0,unknown,0,63.3
La0.6467Ni0.03TiO3,1375,10.0,0,unknown,0,69.4
La0.6333Ni0.05TiO3,1360,10.0,0,unknown,0,59.6
La0.6167Ni0.075TiO3,1350,10.0,0,unknown,0,58.0
La0.5667Ni0.15TiO3,1340,10.0,0,unknown,0,53.3
Sr0.2Ca0.488Nd0.208Ti0.84Al0.2133O3,1520,4.0,0,orthorhombic,0,80.1
La0.5333Ni0.2TiO3,1340,10.0,0,unknown,0,50.7
La4Ti9O24,1300,4.0,0,orthorhombic,0,37.0
Nd2Ti2O7,1300,4.0,0,monoclinic,0,36.0
Nd4Ti9O24,1300,4.0,0,orthorhombic,0,37.5
Pb0.2Ca1.0667Nb0.5333Ti0.2O3,1350,3.0,0,cubic,1,51.67
Na0.15La0.15Li0.35Sm0.35TiO3,1300,2.0,0,cubic,1,117.0
CaFe0.27Nb0.27Ti0.46O3,1450,3.0,0,unknown,0,60.0
CaAl0.23Ta0.23Ti0.54O3,1450,3.0,0,unknown,0,47.0
CaZn0.2333Nb0.4667Ti0.3O3,1450,3.0,0,unknown,0,51.0
Ca0.58La0.21Na0.21Fe0.29Nb0.29Ti0.42O3,1450,3.0,0,unknown,0,58.9
CaMg0.22Nb0.44Ti0.34O3,1450,3.0,0,unknown,0,43.9
Ca0.6La0.2Na0.2Mg0.2Nb0.4Ti0.4O3,1450,3.0,0,unknown,0,52.3
La2Ti2O7,1350,10.0,0,monoclinic,0,47.0
SrLa3Pr1Ti5O17,1580,4.0,0,orthorhombic,0,57.0
CaMg0.3333Nb0.6667O3,1400–1500,7.5,0,orthorhombic,0,28.0
CaTi0.34Mg0.22Nb0.44O3,1430,3.0,0,orthorhombic,0,48.0
CaMg0.183Ta0.367Ti0.450O3,1500–1550,3.0,0,orthorhombic,0,45.1
CaMg0.167Ta0.333Ti0.500O3,1500–1550,3.0,0,orthorhombic,0,47.8
CaMg0.133Ta0.267Ti0.600O3,1500–1550,3.0,0,orthorhombic,0,59.9
CaMg0.100Ta0.200Ti0.700O3,1500–1550,3.0,0,orthorhombic,0,73.1
CaMg0.067Ta0.133Ti0.800O3,1500–1550,3.0,0,orthorhombic,0,95.0
CaMg0.033Ta0.067Ti0.900O3,1500–1550,3.0,0,orthorhombic,0,121.7
Ba0.8Sr0.2La4Ti4O15,1450,4.0,0,hexagonal,0,46.8
Ba0.6Sr0.4La4Ti4O15,1450,4.0,0,hexagonal,0,45.7
Ba0.4Sr0.6La4Ti4O15,1550,4.0,0,hexagonal,0,45.4
Ba0.2Sr0.8La4Ti4O15,16000,4.0,0,hexagonal,0,46.1
Ba0.8Ca0.2La4Ti4O15,1575,4.0,0,hexagonal,0,47.7
CaTi0.2Mg0.2667Nb0.5333O3,1400–1500,7.5,0,orthorhombic,0,36.0
Ba0.6Ca0.4La4Ti4O15,1575,4.0,0,hexagonal,0,48.9
Ba0.2Ca0.8La4Ti4O15,1575,4.0,0,hexagonal,0,49.5
Ba0.2Sr0.8La4Ti4O15,1450,5.0,0,hexagonal,0,40.8
Ba0.2Sr0.8La4Ti4.20O15,1450,5.0,0,hexagonal,0,46.4
SrGa0.5Nb0.5O3,1550,3.0,0,cubic,0,33.4
SrGa0.45Nb0.45Ti0.1O3,1550,3.0,0,cubic,0,36.6
SrGa0.4Nb0.4Ti0.2O3,1575,3.0,0,cubic,0,40.4
SrGa0.35Nb0.35Ti0.3O3,1575,3.0,0,cubic,0,46.6
CaTi0.8Mg0.0667Nb0.1333O3,1400–1500,7.5,0,orthorhombic,0,109.0
CaTi0.6Mg0.1333Nb0.2667O3,1400–1500,7.5,0,orthorhombic,0,68.0
CaTi0.4Mg0.2Nb0.4O3,1400–1500,7.5,0,orthorhombic,0,54.0
Ba0.4Ca0.6La4Ti4O15,1575,4.0,0,hexagonal,0,48.9
La6ZnTi5O18,1600,4.0,0,hexagonal,0,40.8
Sr2La4Ti5O18,1625,2.0,0,hexagonal,0,48.0
CaLi0.3Nb0.6Sn0.1O3,1150,3.0,0,unknown,0,25.2
CaLi0.2833Nb0.5667Sn0.15O3,1150,3.0,0,unknown,0,24.8
CaLi0.2667Nb0.5333Sn0.2O3,1150,3.0,0,orthorhombic,0,23.3
CaLi0.2333Nb0.4667Sn0.3O3,1150,3.0,0,orthorhombic,0,22.6
CaLi0.3Nb0.6Sn0.1O3,1150,5.0,0,unknown,0,25.4
CaLi0.2833Nb0.5667Sn0.15O3,1150,5.0,0,unknown,0,24.9
CaLi0.2667Nb0.5333Sn0.2O3,1150,5.0,0,orthorhombic,0,23.9
CaLi0.2333Nb0.4667Sn0.3O3,1150,5.0,0,orthorhombic,0,23.5
CaLa0.5Nb0.5O3,1550,4.0,0,monoclinic,0,23.3
CaPr0.5Nb0.5O3,1550,4.0,0,monoclinic,0,24.2
CaSm0.5Nb0.5O3,1550,4.0,0,monoclinic,0,24.7
CaEu0.5Nb0.5O3,1550,4.0,0,monoclinic,0,25.0
CaGd0.5Nb0.5O3,1550,4.0,0,monoclinic,0,25.5
CaTb0.5Nb0.5O3,1550,4.0,0,monoclinic,0,26.5
CaDy0.5Nb0.5O3,1550,4.0,0,orthorhombic,0,32.0
CaHo0.5Nb0.5O3,1550,4.0,0,orthorhombic,0,31.4
CaY0.5Nb0.5O3,1550,4.0,0,orthorhombic,0,31.0
CaEr0.5Nb0.5O3,1550,4.0,0,orthorhombic,0,30.5
CaYb0.5Nb0.5O3,1550,4.0,0,orthorhombic,0,30.0
Ba2Ca1W1O6,1500,4.0,0,cubic,0,22.8
Ba2Ca0.975Sr0.025W1O6,1250,4.0,0,cubic,0,23.9
CaLi0.3333Nb0.6667O3,1150,3.0,0,unknown,0,29.6
CaLi0.1667Nb0.3333Ti0.5O3,1150,5.0,0,unknown,0,55.2
CaLi0.2333Nb0.4667Ti0.3O3,1150,5.0,0,unknown,0,44.7
CaLi0.2667Nb0.5333Ti0.2O3,1150,5.0,0,orthorhombic,0,38.6
NdMg0.5Sn0.4Ti0.1O3,1550,4.0,0,cubic,0,21.1
BaTi0.6Zn0.2W0.2O3,1420,4.0,0,cubic,0,71.2
BaTi0.5Zn0.25W0.25O3,1430,4.0,0,hexagonal,0,25.4
BaTi0.45Zn0.275W0.275O3,1420,4.0,0,hexagonal,0,22.9
BaTi0.4Zn0.3W0.3O3,1430,4.0,0,hexagonal,0,21.2
BaTi0.35Zn0.325W0.325O3,1420,4.0,0,hexagonal,0,22.1
Ba2Ca0.95Sr0.05W1O6,1225,4.0,0,cubic,1,24.0
BaTi0.3Zn0.35W0.35O3,1420,4.0,0,hexagonal,0,26.4
BaTi0.1Zn0.45W0.45O3,1420,4.0,0,hexagonal,0,33.0
BaHfO3,1400,8.0,0,cubic,0,24.1
SrHfO3,1400,8.0,0,orthorhombic,0,23.5
CaHfO3,1400,8.0,0,orthorhombic,0,21.4
Y1Mg0.5Ti0.5O3,1650,2.0,0,cubic,0,22.0
La1.6667Mg1Ta1O6,1500,6.0,0,cubic,1,22.5
Ca1Li0.2333Nb0.4667Sn0.3O3,,4.0,1,orthorhombic,0,22.6
Ca1La0.5Ta0.5O3,,4.0,1,monoclinic,0,23.0
CaLi0.333Nb0.667O3,1150,5.0,0,orthorhombic,0,29.6
CaLi0.3167Nb0.6333Ti0.05O3,1150,5.0,0,unknown,0,32.4
CaLi0.3Nb0.6Ti0.1O3,1150,5.0,0,unknown,0,34.6
BaTi0.2Zn0.4W0.4O3,1420,4.0,0,hexagonal,0,31.4
Ba2Ca0.9Sr0.1W1O6,1200,4.0,0,rhombohedral,0,23.5
Ba2Ca0.75Sr0.25W1O6,1200,4.0,0,rhombohedral,0,23.4
Ba2Ca0.5Sr0.5W1O6,1200,4.0,0,rhombohedral,0,23.3
BaZn0.1667Co0.1667Ta0.2222Nb0.2222Sb0.2222O3,1575,6.0,0,cubic,0,24.9
Ba0.5Sr0.5Zn0.1667Co0.1667Ta0.2222Nb0.2222Sb0.2222O3,1550,6.0,0,cubic,0,26.3
LaCo0.5Ti0.5O3,1440,6.0,0,orthorhombic,0,30.0
Ca1Ga0.5Ta0.5O3,1500,2.0,0,orthorhombic,0,25.0
La1Co0.5Ti0.5O3,1550,6.0,0,orthorhombic,0,25.0
La0.9Al0.9Sr0.1Ti0.1O3,1680,4.0,1,unknown,0,25.1
Sm1Co0.5Ti0.5O3,1360,4.0,0,cubic,0,25.5
BaZn0.3333Ta0.3333Nb0.3333O3,1600,6.0,0,cubic,0,34.2
BaZn0.3333Ta0.6667O3,1650,6.0,0,cubic,0,29.8
La1Mg0.667Ta0.333O3,1650,2.0,0,monoclinic,0,25.1
Ba2Ca0.25Sr0.75W1O6,1200,4.0,0,rhombohedral,0,23.7
Ba2Ca0.1Sr0.9W1O6,1200,4.0,0,rhombohedral,1,23.3
Ba2Sr1W1O6,1200,4.0,0,monoclinic,0,23.5
Ca1Zr1O3,1500,4.0,0,orthorhombic,0,23.8
BaTi0.39Co0.305W0.305O3,1425,4.0,0,hexagonal,0,18.0
BaMg0.3267Nb0.6533Mn0.02O3,1550,2.0,0,hexagonal,0,32.0
BaMg0.3299Ta0.6601Mn0.01O3,1600,2.0,0,hexagonal,0,25.0
BaZn0.3333Nb0.6667O3,1500,2.0,0,cubic,0,41.0
BaZn0.3299Ta0.6601Mn0.01O3,1550,2.0,0,hexagonal,0,30.0
La1Mg0.667Ta0.333O3,1600,2.0,0,monoclinic,0,24.7
BaMn0.3333Nb0.6667O3,1550,2.0,0,cubic,1,39.0
BaMg0.3333Ta0.6667O3,1640,20.0,0,hexagonal,0,24.0
BaMg0.3167Ta0.6333Sn0.05O3,1640,20.0,0,hexagonal,0,24.4
BaMg0.3Ta0.6Sn0.1O3,1640,20.0,0,cubic,0,24.3
BaMg0.2833Ta0.5667Sn0.15O3,1640,20.0,0,cubic,0,24.0
BaTi0.6Ni0.2W0.2O3,1450,4.0,0,hexagonal,0,29.8
BaTi0.55Ni0.225W0.225O3,1450,4.0,0,hexagonal,0,26.5
BaTi0.5Ni0.25W0.25O3,1450,4.0,0,hexagonal,0,24.2
BaTi0.45Ni0.275W0.275O3,1450,4.0,0,hexagonal,0,21.6
BaTi0.4Ni0.3W0.3O3,1450,4.0,0,hexagonal,0,20.0
BaMn0.3333Ta0.6667O3,1600,2.0,0,hexagonal,0,22.0
PrAlO3,1650,4.0,0,rhombohedral,0,23.2
ErAlO3,1650,5.0,0,orthorhombic,0,16.3
DyAlO3,1650,6.0,0,orthorhombic,0,17.6
GdAlO3,1650,7.0,0,orthorhombic,0,18.4
SmAlO3,1650,8.0,0,orthorhombic,0,20.4
YAlO3,1650,9.0,0,orthorhombic,0,15.7
Ba1.8Sr0.2Sm1Sb1O6,1500,4.0,0,cubic,0,16.0
Sr2SmSbO6,1550,4.0,0,cubic,0,16.0
Ba2SmSbO6,1550,4.0,0,cubic,0,20.7
Ba2CoWO6,1390,4.0,0,cubic,0,19.3
Ba2NiWO6,1450,4.0,0,cubic,0,18.1
Ba2ZnWO6,1330,4.0,0,cubic,0,29.1
Sr2CoWO6,1450,4.0,0,cubic,0,21.2
Sr2NiWO6,1570,4.0,0,cubic,0,18.3
BaZn0.5W0.5O3,1360,4.0,0,cubic,0,19.0
Ba0.99Zn0.5W0.5O2.99,1360,4.0,0,cubic,0,23.0
LaAlO3,1650,3.0,0,rhombohedral,0,23.4
NdAlO3,1650,2.0,0,rhombohedral,0,22.3
BaMg0.3333W0.3333Ti0.3333O3,1550,4.0,0,hexagonal,0,15.4
Ba1Ti0.39Co0.305W0.305O3,1400,4.0,0,hexagonal,0,18.0
La6MgTi5O18,1625,2.0,0,hexagonal,0,40.2
Ba1Mg0.5W0.5O3,1500,6.0,0,cubic,1,16.7
Ba1Mg0.46W0.46Ti0.08O3,1500,6.0,0,cubic,1,19.6
Ba1Mg0.42W0.42Ti0.16O3,1500,6.0,0,unknown,1,16.6
Ba1Mg0.36W0.36Ti0.28O3,1500,6.0,0,unknown,1,12.3
Ba1Mg0.3333W0.3333Ti0.3333O3,1500,6.0,0,hexagonal,0,13.1
Ba1Mg0.32W0.32Ti0.36O3,1500,6.0,0,unknown,1,13.5
Ba1Mg0.30W0.30Ti0.40O3,1500,6.0,0,unknown,1,16.7
BaMg0.28W0.28Ti0.44O3,1500,6.0,0,cubic,1,21.8
Ba1Mg0.25W0.25Ti0.50O3,1500,6.0,0,cubic,1,31.2
Ba1Mg0.20W0.20Ti0.60O3,1500,6.0,0,cubic,1,63.9
Ba0.98Zn0.5W0.5O2.98,1360,4.0,0,cubic,0,24.0
Ba1Mg0.33W0.35Ti0.32O3.02,1500,6.0,0,hexagonal,0,16.3
Ba1Mg0.34W0.35Ti0.31O3.01,1500,6.0,0,hexagonal,0,17.1
Ba1Mg0.34W0.32Ti0.34O2.98,1500,6.0,0,hexagonal,0,14.4
Ba1Mg0.34W0.33Ti0.33O2.99,1500,6.0,0,hexagonal,0,15.1
Ba1Mg0.35W0.34Ti0.31O2.99,1500,6.0,0,hexagonal,0,15.4
Ba1Mg0.35W0.33Ti0.32O2.98,1500,6.0,0,hexagonal,0,14.4
Ba1Mg0.34W0.32Ti0.34O2.98,1500,12.0,0,hexagonal,0,14.5
Ba1Mg0.34W0.32Ti0.34O2.98,1500,18.0,0,hexagonal,0,14.8
Ba1Mg0.32W0.28Ti0.40O3,1500,6.0,0,hexagonal,0,18.1
Ba1Mg0.32W0.26Ti0.42O3,1500,6.0,0,hexagonal,0,21.5
Ba1Mg0.32W0.25Ti0.43O3,1500,6.0,0,hexagonal,1,24.0
Ba1Mg0.33W0.34Ti0.33O3.01,1500,6.0,0,hexagonal,0,15.6
Ba0.95Zn0.5W0.5O2.95,1360,4.0,0,cubic,0,21.0
BaZn0.49W0.5O2.995,1360,4.0,0,cubic,0,20.0
BaZn0.45W0.5O2.9975,1360,4.0,0,cubic,0,22.5
Nd1Mg0.4Zn0.1Sn0.5O3,1500,4.0,0,unknown,0,19.5
Nd1Mg0.4Zn0.1Sn0.5O3,1550,4.0,0,unknown,0,19.3
SrYb0.5Ta0.5O3,1700,10.0,0,unknown,0,14.1
Ba1Mg0.5W0.5O3,1550,2.0,0,cubic,0,20.0
La1Mg0.5Sn0.5O3,1500,4.0,0,monoclinic,0,19.5
La1Mg0.5Sn0.5O3,1550,4.0,0,monoclinic,0,19.7
La1Mg0.5Sn0.5O3,1600,4.0,0,monoclinic,0,20.1
La1Mg0.43Ba0.07Sn0.5O3,1550,4.0,0,cubic,0,20.1
La1Mg0.4Ca0.1Sn0.5O3,1500,4.0,0,cubic,0,20.2
La0.6667Mg0.5W0.5O3,1250,2.0,0,orthorhombic,0,23.6
BaMg0.49Y0.0133W0.4967O3,1575,2.0,0,cubic,0,20.0
SrSm0.5Ta0.5O3,1500,10.0,0,unknown,0,27.7
SrLa0.5Ta0.5O3,1500,10.0,0,unknown,0,27.1
Ca0.97La0.02Mg0.5W0.5O3,1375,2.0,0,monoclinic,0,19.0
Ba0.94La0.04Mg0.5W0.5O3,1450,2.0,0,cubic,0,20.0
Nd1Mg0.47Ba0.03Sn0.5O3,1600,4.0,0,cubic,0,19.4
NdMg0.45Co0.05Sn0.5O3,1550,4.0,0,cubic,0,19.2
Nd1Mg0.5Sn0.5O3,1550,4.0,0,cubic,0,19.3
BaLa0.5Nb0.5O3,1650,10.0,0,unknown,0,37.4
BaNd0.5Nb0.5O3,1500,96.0,0,unknown,0,41.9
BaSm0.5Nb0.5O3,1500,96.0,0,unknown,0,39.7
BaYb0.5Nb0.5O3,1700,96.0,0,unknown,0,28.3
BaLa0.5Ta0.5O3,1450,96.0,0,unknown,0,27.1
BaNd0.5Ta0.5O3,1500,96.0,0,unknown,0,36.0
SrNd0.5Ta0.5O3,1500,10.0,0,unknown,0,27.1
BaSm0.5Ta0.5O3,1500,96.0,0,unknown,0,34.3
CaSm0.5Nb0.5O3,1500,96.0,0,unknown,0,20.9
CaYb0.5Nb0.5O3,1450,96.0,0,unknown,0,27.0
CaLa0.5Ta0.5O3,1500,96.0,0,unknown,0,19.5
CaSm0.5Ta0.5O3,1500,96.0,0,unknown,0,19.6
CaYb0.5Ta0.5O3,1500,96.0,0,unknown,0,21.1
SrLa0.5Nb0.5O3,1500,2.0,0,unknown,0,27.5
SrNd0.5Nb0.5O3,1500,2.0,0,unknown,0,29.7
SrSm0.5Nb0.5O3,1500,10.0,0,unknown,0,31.8
SrYb0.5Nb0.5O3,1400,96.0,0,unknown,0,29.4
BaYb0.5Ta0.5O3,1700,10.0,0,unknown,0,22.1
Nd1Mg0.5Ti0.5O3,1650,2.0,0,monoclinic,0,26.0
CaLa0.5Nb0.5O3,1500,96.0,0,unknown,0,20.6
Ba1Mg0.3Ta0.6Ti0.1O3,1470,4.0,0,trigonal,0,26.3
Ca0.375Mg0.25Nb0.25Ti0.125O3,1340,4.0,0,unknown,0,38.0
Ca0.25Mg0.375Nb0.25Ti0.125O3,1325,4.0,0,unknown,0,31.0
Ca0.125Mg0.5Nb0.25Ti0.125O3,1340,4.0,0,unknown,0,23.0
Ca0.375Mg0.25Nb0.25Ti0.125O3,1325,4.0,0,unknown,0,26.0
Ca0.25Mg0.375Nb0.25Ti0.125O3,1140,4.0,0,unknown,0,23.0
Ca0.125Mg0.5Nb0.25Ti0.125O3,1125,4.0,0,unknown,0,20.0
Ca0.375Ni0.25Nb0.25Ti0.125O3,1450,4.0,0,unknown,0,35.0
Ca0.25Ni0.375Nb0.25Ti0.125O3,1275,4.0,0,unknown,0,30.0
Ca0.125Ni0.5Nb0.25Ti0.125O3,1185,4.0,0,unknown,0,26.0
Ca0.25Co0.375Nb0.25Ti0.125O3,1175,4.0,0,unknown,0,29.0
Ca0.125Co0.5Nb0.25Ti0.125O3,1100,4.0,0,unknown,0,12.0
Ca0.375Mg0.25Ta0.25Ti0.125O3,1550,4.0,0,unknown,0,30.0
Ca0.25Mg0.375Ta0.25Ti0.125O3,1450,4.0,0,unknown,0,26.0
Ca0.125Mg0.5Ta0.25Ti0.125O3,1360,4.0,0,unknown,0,20.0
Ca0.375Zn0.25Ta0.25Ti0.125O3,1400,4.0,0,unknown,0,17.0
Ca0.25Zn0.375Ta0.25Ti0.125O3,1300,4.0,0,unknown,0,13.0
Ca0.125Zn0.5Ta0.25Ti0.125O3,1225,4.0,0,unknown,0,10.0
Ca0.375Co0.25Nb0.25Ti0.125O3,1400,4.0,0,unknown,0,32.0
Ca0.375Ni0.25Ta0.25Ti0.125O3,1500,4.0,0,unknown,0,29.0
Sr1Pr0.5Nb0.5O3,1575,4.0,0,cubic,0,37.5
Sr1Nd0.5Nb0.5O3,1575,4.0,0,cubic,0,36.9
Sr1Sm0.5Nb0.5O3,1575,4.0,0,tetragonal,0,35.8
Sr1Eu0.5Nb0.5O3,1575,4.0,0,tetragonal,0,34.7
Sr1Gd0.5Nb0.5O3,1575,4.0,0,tetragonal,0,34.3
Sr1Tb0.5Nb0.5O3,1575,4.0,0,tetragonal,0,33.7
Sr1Dy0.5Nb0.5O3,1575,4.0,0,tetragonal,0,33.0
Sr1Ho0.5Nb0.5O3,1600,4.0,0,tetragonal,0,32.3
Sr1Y0.5Nb0.5O3,1600,4.0,0,orthorhombic,0,32.2
Sr1Er0.5Nb0.5O3,1575,4.0,0,orthorhombic,0,32.2
Sr1Yb0.5Nb0.5O3,1600,4.0,0,orthorhombic,0,30.7
Sr1In0.5Nb0.5O3,1600,4.0,0,orthorhombic,0,26.0
Sr1Fe0.5Nb0.5O3,1450,4.0,0,cubic,0,44.9
Sr1Cr0.5Nb0.5O3,1600,4.0,0,cubic,0,35.3
Sr1Al0.5Nb0.5O3,1600,4.0,0,cubic,0,30.5
Sr1La0.5Nb0.5O3,1575,4.0,0,cubic,0,36.6
Ca0.25Ni0.375Ta0.25Ti0.125O3,1410,4.0,0,unknown,0,26.0
Ca1Zn0.333Ta0.667O3,,4.0,1,orthorhombic,0,25.0
Ba1Ni0.5Ta0.5O3,1500,4.0,0,hexagonal,0,23.0
Ba1Co0.5Ta0.5O3,1500,4.0,0,hexagonal,0,25.0
Ba1Mg0.5Ta0.5O3,1500,4.0,0,hexagonal,0,25.0
Ba1Zn0.5Ta0.5O3,1500,4.0,0,hexagonal,0,29.0
Ba1Ca0.5Ta0.5O3,1500,4.0,0,hexagonal,0,30.0
Sr1Ni0.5Ta0.5O3,1500,4.0,0,hexagonal,0,23.0
Sr1Co0.5Ta0.5O3,1500,4.0,0,hexagonal,0,23.0
Sr1Ca0.5Ta0.5O3,1500,4.0,0,hexagonal,0,22.0
Ca1Cu0.333Ta0.667O3,,4.0,1,orthorhombic,0,23.0
Sr1Sm0.5Ta0.5O3,1600,4.0,0,tetragonal,0,30.5
Sr1Sm0.5Ta0.5O3,1600,4.0,0,tetragonal,0,31.6
Sr1Sm0.5Ta0.5O3,1575,4.0,0,tetragonal,0,32.1
Sr1Sm0.5Ta0.5O3,1550,4.0,0,tetragonal,0,36.0
Sr1Sm0.5Ta0.5O3,1500,4.0,0,tetragonal,0,39.0
Sr1Sm0.5Ta0.5O3,1450,4.0,0,tetragonal,0,42.0
Sr1Sm0.5Ta0.5O3,1425,4.0,0,tetragonal,0,45.0
Sr1Sm0.5Ta0.5O3,1400,4.0,0,tetragonal,0,48.5
Ba3Co1.07Nb2O9.07,1470,8.0,0,cubic,0,26.0
Sr1Sm0.5Ta0.5O3,1350,4.0,0,tetragonal,0,49.6
Ca0.3Li0.14Sm0.42Ti1O3,1350,3.0,0,orthorhombic,0,92.12
Ca0.125Ni0.5Ta0.25Ti0.125O3,1340,4.0,0,unknown,0,23.0
Ca1Ni0.333Ta0.667O3,,4.0,1,orthorhombic,0,22.0
Ca1Al0.333Ta0.667O3,,4.0,1,orthorhombic,0,22.0
Ca0.375Co0.25Ta0.25Ti0.125O3,1400,4.0,0,unknown,0,28.0
Ca0.25Co0.375Ta0.25Ti0.125O3,1260,4.0,0,unknown,0,24.0
Ca0.125Co0.5Ta0.25Ti0.125O3,1210,4.0,0,unknown,0,20.0
Ba8ZnNb6O24,1425,4.0,0,hexagonal,0,36.2
Ba8ZnNb5.7Sb0.3O24,1425,4.0,0,hexagonal,0,33.6
Ba8ZnNb5.4Sb0.6O24,1425,4.0,0,hexagonal,0,33.6
Ba8ZnNb5.1Sb0.9O24,1425,4.0,0,hexagonal,0,31.0
Ba8ZnNb4.8Sb1.2O24,1425,4.0,0,hexagonal,0,29.4
Ca1Co0.333Ta0.667O3,,4.0,1,orthorhombic,0,23.0
Ba8ZnNb4.5Sb1.5O24,1425,4.0,0,hexagonal,0,25.9
Ba8ZnNb3.6Sb2.4O24,1425,4.0,0,hexagonal,0,17.4
Ca1Al0.5Nb0.5O3,,4.0,1,orthorhombic,0,25.0
Ca1Fe0.5Nb0.5O3,,4.0,1,orthorhombic,0,40.0
Ca1Al0.333Nb0.667O3,,4.0,1,orthorhombic,0,28.0
Ca1Co0.333Nb0.667O3,,4.0,1,orthorhombic,0,29.0
Ca1Ni0.333Nb0.667O3,,4.0,1,orthorhombic,0,26.0
Ca1Cu0.333Nb0.667O3,,4.0,1,orthorhombic,0,27.0
Ca1Zn0.333Nb0.667O3,,4.0,1,orthorhombic,0,35.0
Ca1Al0.5Ta0.5O3,,4.0,1,orthorhombic,0,20.0
Ca1Fe0.5Ta0.5O3,,4.0,1,orthorhombic,0,32.0
Ca1Mg0.333Ta0.667O3,,4.0,1,orthorhombic,0,21.0
Ba8ZnNb4.2Sb1.8O24,1425,4.0,0,hexagonal,0,19.9
Sr1Cr0.5Nb0.5O3,1350,4.0,0,cubic,0,35.1
Ca1Mg0.333Nb0.667O3,,4.0,1,orthorhombic,0,28.0
Sr1Al0.5Nb0.5O3,1350,4.0,0,cubic,0,30.0
CaAl0.421Nb0.421Ti0.158O3,1600,72.0,0,unknown,0,29.1
CaAl0.375Nb0.375Ti0.25O3,1600,72.0,0,unknown,0,32.2
CaAl0.335Nb0.335Ti0.33O3,1600,72.0,0,unknown,0,35.1
CaAl0.25Nb0.25Ti0.5O3,1600,72.0,0,unknown,0,45.3
CaAl0.2355Nb0.2355Ti0.529O3,1600,72.0,0,unknown,0,44.9
CaAl0.125Nb0.125Ti0.75O3,1600,72.0,0,orthorhombic,0,75.4
Ba0.1La0.9Mg0.45Ti0.55O3,1450,2.0,0,orthorhombic,0,30.9
Ba0.3La0.7Mg0.35Ti0.65O3,1500,2.0,0,tetragonal,0,42.5
Ba0.5La0.5Mg0.25Ti0.75O3,1550,2.0,0,monoclinic,0,60.9
Ba0.7La0.3Mg0.15Ti0.85O3,1600,2.0,0,cubic,0,105.8
LiBa4Nb3O12,1275,12.0,0,hexagonal,0,37.0
CaAl0.4505Nb0.4505Ti0.099O3,1600,72.0,0,unknown,0,27.0
LiBa4Nb2TaO12,1350,12.0,0,hexagonal,0,34.0
LiBa4Ta3O12,1450,12.0,0,hexagonal,0,28.0
BaLa0.5Ta0.5O3,1625,4.0,0,orthorhombic,0,37.1
BaNd0.5Ta0.5O3,1625,4.0,0,orthorhombic,0,38.7
BaSm0.5Ta0.5O3,1625,4.0,0,orthorhombic,0,37.6
BaEu0.5Ta0.5O3,1625,4.0,0,tetragonal,0,36.5
BaGd0.5Ta0.5O3,1625,4.0,0,tetragonal,0,36.0
BaTb0.5Ta0.5O3,1625,4.0,0,tetragonal,0,35.5
BaDy0.5Ta0.5O3,1625,4.0,0,tetragonal,0,34.0
BaHo0.5Ta0.5O3,1625,4.0,0,cubic,0,33.5
BaY0.5Ta0.5O3,1625,4.0,0,cubic,0,33.0
BaYb0.5Ta0.5O3,1625,4.0,0,cubic,0,32.0
LiBa4NbTa2O12,1400,12.0,0,hexagonal,0,30.0
BaNi0.0658Zr0.0125Zn0.2633Ta0.6583O3,1520,48.0,0,hexagonal,0,28.3
CaAl0.4735Nb0.4735Ti0.053O3,1600,72.0,0,unknown,0,23.8
La1Mg0.667Nb0.333O3,1500,4.0,0,rhombohedral,0,26.8
Sr1Ga0.5Ta0.5O3,1500,24.0,0,cubic,0,27.0
Sr1Fe0.5Nb0.5O3,1350,4.0,0,cubic,0,44.9
Ba1Mn0.333Ta0.667O3,1600,4.0,1,trigonal,0,27.0
Ba1Mn0.3333Ta0.6667O3,1600,4.0,1,trigonal,0,27.0
Ba1Mg0.2333Ta0.4667Co0.1Nb0.2O3,1530,5.0,0,trigonal,0,27.0
CaZr0.2Ti0.8O3,1430,15.0,0,orthorhombic,0,141.0
CaZr0.3Ti0.7O3,1430,15.0,0,unknown,1,138.0
CaZr0.4Ti0.6O3,1430,15.0,0,unknown,1,98.0
CaAl0.5Nb0.5O3,1600,72.0,0,monoclinic,0,23.6
CaZr0.5Ti0.5O3,1470,15.0,0,unknown,1,59.0
CaZr0.7Ti0.3O3,1470,15.0,0,unknown,1,38.0
CaZr0.8Ti0.2O3,1470,15.0,0,unknown,1,28.0
CaZr0.9Ti0.1O3,1515,15.0,0,orthorhombic,0,42.0
CaZrO3,1515,15.0,0,orthorhombic,0,27.0
LaMg0.5Ti0.5O3,1600,2.0,0,unknown,0,27.6
La0.9Ca0.1Mg0.45Ti0.55O3,1600,2.0,0,unknown,0,29.8
La0.7Ca0.3Mg0.35Ti0.65O3,1600,2.0,0,orthorhombic,0,37.2
La0.3Ca0.7Mg0.15Ti0.85O3,1500,2.0,0,orthorhombic,0,51.2
La0.3Ca0.7Mg0.15Ti0.85O3,1500,2.0,0,orthorhombic,0,58.8
La0.1Ca0.9Mg0.05Ti0.95O3,1350,2.0,0,orthorhombic,0,90.4
La0.1Ca0.9Mg0.05Ti0.95O3,1350,2.0,0,orthorhombic,0,102.5
CaZr0.6Ti0.4O3,1470,15.0,0,unknown,1,50.0
BaNi0.0542Zr0.0215Zn0.2720Ta0.6523O3,1520,48.0,0,hexagonal,0,28.4
La0.5Ca0.5Mg0.25Ti0.75O3,1600,2.0,0,orthorhombic,0,43.2
BaNi0.0242Zr0.0425Zn0.2950Ta0.6383O3,1520,48.0,0,hexagonal,0,30.2
Sr1Pr0.5Ta0.5O3,1600,4.0,0,rhombohedral,0,32.0
Sr1Nd0.5Ta0.5O3,1600,4.0,0,tetragonal,0,31.5
Sr1Eu0.5Ta0.5O3,1600,4.0,0,tetragonal,0,30.0
Sr1Gd0.5Ta0.5O3,1600,4.0,0,tetragonal,0,29.5
Sr1Tb0.5Ta0.5O3,1600,4.0,0,tetragonal,0,28.8
Sr1Dy0.5Ta0.5O3,1600,4.0,0,tetragonal,0,28.2
Sr1Ho0.5Ta0.5O3,1600,4.0,0,tetragonal,0,27.7
Sr1Y0.5Ta0.5O3,1600,4.0,0,rhombohedral,0,27.5
Sr1Er0.5Ta0.5O3,1600,4.0,0,tetragonal,0,27.1
Sr1Yb0.5Ta0.5O3,1600,4.0,0,orthorhombic,0,25.9
Sr1La0.5Ta0.5O3,1600,4.0,0,unknown,0,31.2
Sr1Pr0.5Nb0.5O3,1350,4.0,0,cubic,0,36.7
Sr1Sm0.5Nb0.5O3,1350,4.0,0,tetragonal,0,35.5
Sr1Eu0.5Nb0.5O3,1350,4.0,0,tetragonal,0,34.3
Sr1Gd0.5Nb0.5O3,1350,4.0,0,tetragonal,0,33.5
Sr1Tb0.5Nb0.5O3,1350,4.0,0,tetragonal,0,32.3
Sr1Dy0.5Nb0.5O3,1350,4.0,0,tetragonal,0,31.2
Sr1Ho0.5Nb0.5O3,1350,4.0,0,tetragonal,0,30.6
Sr1Y0.5Nb0.5O3,1350,4.0,0,orthorhombic,0,30.7
Sr1In0.5Nb0.5O3,1350,4.0,0,orthorhombic,0,25.0
BaNi0.0417Zr0.0300Zn0.2817Ta0.6467O3,1520,48.0,0,hexagonal,0,29.6
Sr1Er0.5Nb0.5O3,1350,4.0,0,orthorhombic,0,31.1
Sr1Yb0.5Nb0.5O3,1350,4.0,0,orthorhombic,0,29.3
Sr1Nd0.5Nb0.5O3,1350,4.0,0,cubic,0,36.5
Sm1Zn0.5Ti0.5O3,1310,2.0,0,orthorhombic,0,31.0
Sr1La0.5Nb0.5O3,1350,4.0,0,cubic,0,36.0
Sm0.95Ca0.04Sr0.01Mg0.475Ti0.525O3,1550,3.0,0,unknown,0,26.6
La5Mg0.5Ti3.5O15,1600,30.0,0,hexagonal,0,36.2
La5Zn0.5Ti3.5O15,1550,30.0,0,hexagonal,0,37.71
La5AlTi3O15,1600,30.0,0,hexagonal,0,32.98
BaNi0.0125Zr0.0500Zn0.3042Ta0.6333O3,1520,48.0,0,hexagonal,0,30.1
Pb0.16La0.56Mg0.5W0.5O3,1200,4.0,0,tetragonal,0,28.7
Ba0.95Sr0.05Zn0.475Ga0.025Ta0.6583O3,1525,2.0,0,trigonal,0,29.0
BaZr0.0125Zn0.2633Ni0.0658Ta0.6583O3,1510,24.0,0,trigonal,0,28.2
BaZr0.0215Zn0.2720Ni0.0542Ta0.6523O3,1510,16.0,0,trigonal,0,28.7
BaZr0.0300Zn0.2817Ni0.0417Ta0.6467O3,1510,8.0,0,cubic,1,29.3
BaZr0.0500Zn0.3042Ni0.0125Ta0.6333O3,1510,8.0,0,cubic,1,30.7
La1Mg0.35Zn0.15Ti0.5O3,1475,2.0,0,cubic,0,29.0
La0.2Ca0.64Sm0.1067Mg0.1Ti0.9O3,1470,4.0,0,monoclinic,0,72.41
BaZr0.0425Zn0.2950Ni0.0242Ta0.6383O3,1510,8.0,0,unknown,1,29.7
La0.45Ca0.44Sm0.0733Mg0.225Ti0.775O3,1470,4.0,0,monoclinic,0,47.83
La0.6Ca0.32Sm0.0533Mg0.3Ti0.7O3,1470,4.0,0,monoclinic,0,40.05
Sm0.8Ca0.16Sr0.04Mg0.4Ti0.6O3,1550,3.0,0,unknown,0,30.1
La0.8Ca0.16Sm0.0267Mg0.4Ti0.6O3,1470,4.0,0,monoclinic,0,33.56
Ba1Zr0.05Zn0.32Ta0.63O3,1550,4.0,0,trigonal,0,30.0
Sm0.65Ca0.28Sr0.07Mg0.325Ti0.675O3,1550,3.0,0,unknown,0,31.4
Sm0.5Ca0.4Sr0.1Mg0.25Ti0.75O3,1550,3.0,0,unknown,0,38.7
La0.4Ca0.48Sm0.0800Mg0.2Ti0.8O3,1470,4.0,0,monoclinic,0,50.58
La1Zn0.5Ti0.5O3,1350,4.0,1,unknown,0,30.0
Ca1Sr4Ta2Ti1O12,1550,4.0,1,orthorhombic,0,45.0
Ba0.7La0.3Zn0.4333Nb0.5667O3,1350,4.0,1,perovskite,0,44.7
Ca1Li0.2333Nb0.4667Ti0.3O3,1150,4.0,1,perovskite,0,44.7
Sr1Fe0.5Nb0.5O3,1600,4.0,1,cubic,0,44.9
La0.7667Ti0.7Al0.3O3,1400,4.0,1,orthorhombic,0,44.9
Ca0.7Ti0.7Nd0.3Al0.3O3,1450,4.0,1,orthorhombic,0,45.0
Ca0.7Ti0.7Sm0.3Al0.3O3,1450,4.0,1,orthorhombic,0,45.0
Ba1La0.5Nb0.5O3,1600,4.0,1,monoclinic,0,45.0
Ca0.6Ti0.6La0.4Ga0.4O3,1450,4.0,1,perovskite,0,45.0
Ca0.2Ti0.2Sr0.8Mg0.2667Nb0.5333O3,1600,4.0,1,perovskite,0,45.0
Ba1Sr4Nb4O15,1400,4.0,1,hexagonal,0,45.0
Ba1Y0.3Bi0.2Nb0.5O3,1300,4.0,1,perovskite,0,44.6
Sr1Fe0.5Nb0.5O3,1450,4.0,1,cubic,0,45.0
Ca0.73Ti0.73Nd0.27Al0.27O3,1450,4.0,1,rhombohedral,0,45.0
Ba1Pr0.5Nb0.5O3,1600,4.0,1,perovskite,0,44.5
Sr5Ta4O15,1510,4.0,1,hexagonal,0,43.5
Ba2La2Ti1Nb2O12,1350,4.0,1,hexagonal,0,44.2
Ba6Nb4Ti1O18,1625,4.0,1,perovskite,0,43.0
Sr4La1Ti1Nb3O15,1460,4.0,1,hexagonal,0,43.0
Ca0.65Ti0.65Sm0.35Ga0.35O3,1450,4.0,1,perovskite,0,45.0
Ba2La3Ti3Nb1O15,1460,4.0,1,hexagonal,0,42.8
Ba1La4Ti4O15,1600,4.0,1,hexagonal,0,44.4
Ca1La3.5Nd0.5Ti4O15,1550,4.0,1,hexagonal,0,43.4
Ca1La4Ti4O15,1550,4.0,1,hexagonal,0,43.6
Ba0.65La0.35Zn0.45Nb0.55O3,1350,4.0,1,perovskite,0,43.8
Ca2Sr3Ta2Ti1O12,1575,4.0,1,orthorhombic,0,44.0
Ba1Nd0.5Nb0.5O3,1600,4.0,1,perovskite,0,44.0
Ca0.66La0.34Ti0.66Al0.34O3,1450,4.0,1,orthorhombic,0,44.0
Ba3La1Nb3O12,1500,4.0,1,rhombohedral,0,43.5
Ba1Gd0.3Bi0.2Nb0.5O3,1300,4.0,1,perovskite,0,47.9
La0.48Co0.24Ti0.76Ca0.52O3,1550,4.0,1,monoclinic,0,45.0
Ba0.6Ca0.4La4Ti4O15,1575,4.0,1,hexagonal,0,47.7
Ba5Sr1Nb4Ti1O18,1450,4.0,1,perovskite,0,47.9
Ca0.65Ti0.65La0.35Ga0.35O3,1450,4.0,1,orthorhombic,0,48.0
Ba4Sr1Nb4O15,1400,4.0,1,hexagonal,0,48.0
Ca1Ti0.34Mg0.22Nb0.44O3,1450,4.0,1,perovskite,0,48.0
Ca1La8Ti9O31,1550,4.0,1,orthorhombic,0,48.6
Ba1Dy0.3Bi0.2Nb0.5O3,1300,4.0,1,perovskite,0,48.6
Ca0.64Ti0.64La0.36Ga0.36O3,1300,4.0,1,perovskite,0,48.7
Ba1La3Ti2Nb1O12,1460,4.0,1,hexagonal,0,42.4
Ca0.7Ti0.7Nd0.3Ga0.3O3,1450,4.0,1,perovskite,0,49.0
Ca0.65Ti0.65Nd0.35Ga0.35O3,1450,4.0,1,orthorhombic,0,45.0
Ba0.57Sr0.38La3.8Ti4.15O13.1,1550,4.0,1,hexagonal,0,47.4
Ca1Ti0.4Mg0.2Nb0.4O3,1450,4.0,1,perovskite,0,47.3
Ba1Mn0.5Ti0.5O3,1450,4.0,1,hexagonal,0,45.0
Ca0.71Ti0.71Nd0.29Al0.29O3,1450,4.0,1,orthorhombic,0,45.1
Ca1Mg0.1833Ta0.3667Ti0.45O3,1550,4.0,1,orthorhombic,0,45.1
Ba1Er0.3Bi0.2Nb0.5O3,1300,4.0,1,perovskite,0,46.1
Ba1La4Ti4O15,1450,4.0,1,hexagonal,0,46.3
Ba0.2Sr0.8La4Ti4.2O15,1450,4.0,1,trigonal,0,46.4
Ba3La3Ti4Nb1O18,1480,4.0,1,hexagonal,0,47.4
Ba1.25Sr0.75La3Ti3Nb1O15,1510,4.0,1,hexagonal,0,46.8
Ba0.5Ca0.5Sc0.5Nb0.5O3,1650,4.0,1,perovskite,0,46.9
Ca0.65Ti0.65La0.35Ga0.35O3,1600,4.0,1,orthorhombic,0,47.0
Ba1.25Sr0.75La3Ti3Nb1O15,1510,4.0,1,hexagonal,0,47.0
Ba1.75Sr0.25La3Ti3Nb1O15,1490,4.0,1,hexagonal,0,47.0
Sr1Ga0.35Nb0.35Ti0.3O3,1575,4.0,1,cubic,0,46.6
Ba0.95La0.05Zn0.35Nb0.65O3,1350,4.0,1,perovskite,0,42.4
Ba4La1Ti1Ta3O15,1540,4.0,1,hexagonal,0,42.3
Ca1Zr0.7Ti0.3O3,1470,4.0,1,perovskite,0,38.0
Ba1Sm0.5Ta0.5O3,1625,4.0,1,perovskite,0,38.0
Ba1Ho0.5Nb0.5O3,1600,4.0,1,perovskite,0,38.0
Sr1Pr0.5Nb0.5O3,1575,4.0,1,perovskite,0,38.0
Ca1Li0.2667Nb0.5333Ti0.2O3,1150,4.0,1,perovskite,0,38.6
Ca1Fe0.5Nb0.5O3,1250,4.0,1,orthorhombic,0,38.6
Ba1Eu0.5Ta0.5O3,1625,4.0,1,perovskite,0,38.8
Ba1Dy0.5Nb0.5O3,1600,4.0,1,perovskite,0,38.9
Ba1.5Sr1.5La1Nb3O12,1405,4.0,1,rhombohedral,0,38.9
Ba3.0Zn0.993Nb1.986W0.014O9,1380,4.0,1,perovskite,0,39.0
Ba1Tb0.5Nb0.5O3,1600,4.0,1,perovskite,0,39.0
Ca4Sr1Ta2Ti1O12,1625,4.0,1,orthorhombic,0,39.0
Sr2La2Ti1Nb2O12,1450,4.0,1,hexagonal,0,39.0
Ba1Dy0.5Ta0.5O3,1625,4.0,1,perovskite,0,39.1
La6Zn1Ti4O18,1600,4.0,1,perovskite,0,37.7
Ba5Sr1Nb4Zr1O18,1600,4.0,1,rhombohedral,0,37.6
Ba1Sm0.5Ta0.5O3,1625,4.0,1,tetragonal,0,37.6
Ba1Co0.3Y0.05Nb0.65O3,1380,4.0,1,perovskite,0,37.0
Ca0.35La0.65Ti0.35Al0.65O3,1600,4.0,1,rhombohedral,0,37.0
Ca0.66Ti0.66La0.17Nd0.17Ga0.34O3,1540,4.0,1,perovskite,0,49.0
Ba1Y0.5Nb0.5O3,1600,4.0,1,perovskite,0,37.0
Ca4.18Co0.82Nb2Ti1O12,1550,4.0,1,orthorhombic,0,37.0
Ca4.85Zn0.15Ta2Ti1O12,1625,4.0,1,orthorhombic,0,37.0
Ca4.82Mg0.18Ta2Ti1O12,1625,4.0,1,orthorhombic,0,37.0
Sr2La4Ti5O18,1625,4.0,1,perovskite,0,39.2
Ba1In0.5Ta0.5O3,1625,4.0,1,perovskite,0,37.2
Ba1Y0.5Ta0.5O3,1625,4.0,1,perovskite,0,37.3
Ca0.6Sr0.5Al0.3Nb0.3Ti0.5O3.3,1500,4.0,1,perovskite,0,37.3
Ba1La0.5Nb0.5O3,1650,4.0,1,perovskite,0,37.4
Sr0.92Li0.23Nb0.69Ti0.08O3,1350,4.0,1,perovskite,0,42.3
Ba3La1Ta3O12,1500,4.0,1,rhombohedral,0,39.4
Ba1Zn0.25Ti0.25Ta0.5O3,1500,4.0,1,cubic,0,39.6
Ba1Zn0.3333Nb0.6667O3,1390,4.0,1,cubic,0,41.1
Ca1Ti0.5Al0.25Ta0.25O3,1500,4.0,1,orthorhombic,0,41.4
Ba1Nd0.5Nb0.5O3,1500,4.0,1,perovskite,0,41.9
Ca4.38Ni0.62Nb2Ti1O12,1550,4.0,1,orthorhombic,0,42.0
Ba1Zn0.3167Nb0.6333Zr0.05O3,1450,4.0,1,cubic,0,42.0
Ca3Sr2Ta2Ti1O12,1600,4.0,1,orthorhombic,0,42.0
Ba0.8Sr0.2Zn0.3133Ta0.6267Ti0.06O3,1400,4.0,1,perovskite,0,42.0
Ca1Zr0.9Ti0.1O3,1515,4.0,1,orthorhombic,0,42.0
La0.4Sr0.6Al0.4Ti0.6O3,1680,4.0,1,perovskite,0,42.1
Ca1La2Nd2Ti4O15,1525,4.0,1,hexagonal,0,42.3
Ca1La0.5Nd0.5Ti4O15,1525,4.0,1,hexagonal,0,42.3
Ca1La4Ti4O15,1550,4.0,1,hexagonal,0,41.1
Sr5Ta4O15,1610,4.0,1,hexagonal,0,41.0
Ca0.65Sm0.35Ti0.65Al0.35O3,1450,4.0,1,orthorhombic,0,41.0
Ba0.75Sr0.25Zn0.3133Ta0.6267Ti0.06O3,1400,4.0,1,perovskite,0,40.0
Ba1Ho0.5Ta0.5O3,1625,4.0,1,perovskite,0,39.6
Ba1Sm0.5Nb0.5O3,1500,4.0,1,perovskite,0,39.7
Ba1Yb0.5Ta0.5O3,1625,4.0,1,perovskite,0,39.7
Ca0.65Ti0.65Sm0.315Nd0.035Al0.35O3,1415,4.0,1,orthorhombic,0,39.7
Ba1Gd0.5Nb0.5O3,1600,4.0,1,perovskite,0,40.0
Ba2Sr1La1Nb3O12,1400,4.0,1,rhombohedral,0,39.5
Ba1Eu0.5Nb0.5O3,1600,4.0,1,perovskite,0,40.0
Ca1Fe0.5Nb0.5O3,1500,4.0,1,perovskite,0,40.0
Ba1Zn0.2667Co0.0667Nb0.6667O3,1410,4.0,1,cubic,0,40.0
Ba1Zn0.3333Nb0.6667O3,1390,4.0,1,cubic,0,40.0
Ba0.3Sr0.7Zn0.3333Nb0.6667O3,1500,4.0,1,cubic,0,40.0
Ba8Ta4Ti3O24,1400,4.0,1,hexagonal,0,40.0
Ca4Zn1Nb2Ti1O12,1550,4.0,1,orthorhombic,0,40.0
Pb0.6Ca0.4Zr1O3,1450,4.0,1,perovskite,0,94.0
Pb0.48Ca0.52Fe0.475Nb0.475Sn0.05O3,1150,4.0,1,orthorhombic,0,94.3
Ca0.4Sm0.4Ti1O3,1450,4.0,1,orthorhombic,0,94.5
Ca0.268Sm0.268Ti0.67Li0.165Sm0.165Ti0.33O3,1300,4.0,1,perovskite,0,95.5
Ca0.56Sm0.56Ti0.7Li0.15Nd0.15Ti0.3O3,1300,4.0,1,orthorhombic,0,98.0
Ca0.28Sm0.28Ti0.7Li0.15Nd0.15Ti0.3O3,1200,4.0,1,perovskite,0,99.0
Pb0.5Ca0.5Fe0.45Nb0.45Sn0.1O3,1150,4.0,1,orthorhombic,0,99.6
Ca0.6Sm0.2667Ti1O3,1450,4.0,1,orthorhombic,0,101.0
Pb0.5Ca0.5Fe0.475Nb0.475Sn0.05O3,1150,4.0,1,orthorhombic,0,102.0
Ca0.9La0.1Mg0.05Ti0.95O3,1350,4.0,1,perovskite,0,102.5
Ca0.3La0.1333Li0.25Nd0.25Ti1O3,1400,4.0,1,cubic,0,105.0
Pb0.48Ca0.52Fe0.45Nb0.45Sn0.1O3,1150,4.0,1,orthorhombic,0,93.6
Pb0.45Ca0.55Fe0.5Nb0.5O3,1100,4.0,1,perovskite,0,92.6
Pb0.5Ca0.5Fe0.5Ta0.5O3,1250,4.0,1,cubic,0,83.9
Pb0.45Ca0.55Fe0.45Nb0.45Sn0.1O3,1150,4.0,1,perovskite,0,85.0
Pb0.45Ca0.55Fe0.45Nb0.45Zr0.1O3,1200,4.0,1,perovskite,0,85.0
Ba1Ti0.5Ga0.25Nb0.25O3,1500,4.0,1,tetragonal,0,86.0
Pb0.45Ca0.55Fe0.475Nb0.475Sn0.05O3,1150,4.0,1,orthorhombic,0,86.3
Ca0.6La0.2667Ti1O3,1400,4.0,1,cubic,0,109.0
Pb0.5Ca0.5Fe0.495Nb0.495Zr0.01O3,1150,4.0,1,orthorhombic,0,86.3
Ca0.9Sm0.1Mg0.05Ti0.95O3,1550,4.0,1,perovskite,0,87.0
Pb0.45Ca0.55Fe0.475Nb0.475Zr0.05O3,1200,4.0,1,orthorhombic,0,87.0
Pb0.46Ca0.54Fe0.45Nb0.45Sn0.1O3,1150,4.0,1,orthorhombic,0,87.8
Pb0.46Ca0.54Fe0.475Nb0.475Sn0.05O3,1150,4.0,1,orthorhombic,0,88.2
Ca0.9La0.1Mg0.05Ti0.95O3,1500,4.0,1,orthorhombic,0,90.4
Pb0.46Ca0.46La0.08Fe0.5Nb0.5O3,1190,4.0,1,perovskite,0,90.8
Pb0.45Ca0.55Fe0.45Nb0.45Sn0.1O3,1150,4.0,1,orthorhombic,0,86.7
Pb0.45Ca0.55Fe0.25Nb0.48Ta0.02O3,1150,4.0,1,cubic,0,82.0
Pb0.63Ca0.37Zr1O3,1450,4.0,1,perovskite,0,110.0
Ca0.16Sm0.16Li0.3Nd0.3Ti1O3,1300,4.0,1,perovskite,0,110.0
Ca0.2Li0.34Nd0.38La0.04Ti1O3,1350,4.0,1,tetragonal,0,132.6
Sr4Ce2Ti7O22,1325,4.0,1,cubic,1,133.0
Sr0.8Ca0.2Ti1O3,1400,4.0,1,perovskite,0,133.9
Sr0.571Ce0.286Ti1O3,1350,4.0,1,cubic,1,136.0
Ca0.4Li0.24Nd0.28La0.04Ti1O3,1350,4.0,1,orthorhombic,0,136.4
Ca1Zr0.3Ti0.7O3,1430,4.0,1,perovskite,0,138.0
Pb0.6Ca0.4Fe0.475Nb0.475Sn0.05O3,1150,4.0,1,cubic,0,139.4
Pb0.6Zr0.6Ca0.4Fe0.2Nb0.2O3,1250,4.0,1,perovskite,0,140.7
Ca1Zr0.2Ti0.8O3,1430,4.0,1,perovskite,0,141.0
Ca0.6Li0.14Nd0.21La0.04Ti1O3,1350,4.0,1,orthorhombic,0,142.0
Sr1Nd0.5Nb0.5O3,1575,4.0,1,perovskite,0,37.0
Sr5Ce2Ti8O25,1325,4.0,1,cubic,1,142.0
Pb0.7Ca0.3Zr1O3,1400,4.0,1,perovskite,0,132.0
Ca0.6Li0.15Nd0.1833La0.0333Ti1O3,1350,4.0,1,orthorhombic,0,128.2
Pb0.56Ca0.44Fe0.5333W0.0667Nb0.4O3,930,4.0,1,perovskite,0,127.2
Pb0.6Ca0.4Fe0.495Nb0.495Zr0.01O3,1150,4.0,1,perovskite,0,126.7
Ca0.2Li0.25Nd0.25La0.1Nd0.1Ti1O3,1350,4.0,1,perovskite,1,110.4
Pb0.95Ca0.05Zr1O3,1250,4.0,1,perovskite,0,112.0
Pb0.05Fe0.0333W0.0167Pb0.475Ca0.475Fe0.475Nb0.475O3,1000,4.0,1,perovskite,0,112.2
Ca0.4Li0.3Nd0.3Ti1O3,1350,4.0,1,perovskite,0,112.6
Ca0.3Li0.35Sm0.35Ti1O3,1300,4.0,1,orthorhombic,0,114.0
Pb0.475Ca0.475La0.05Fe0.45Nb0.45Ti0.1O3,1200,4.0,1,orthorhombic,0,116.6
Na0.15La0.15Li0.35Sm0.35Ti1O3,1300,4.0,1,orthorhombic,0,117.0
Ca0.2Li0.1Nd0.1Ti0.4O3,1300,4.0,1,perovskite,0,110.0
Ca0.6Li0.05Nd0.05La0.1Nd0.1Ti1O3,1350,4.0,1,orthorhombic,0,117.0
Pb0.65Ca0.35Zr1O3,1450,4.0,1,perovskite,0,118.0
Ca0.8Sm0.1333Ti1O3,1450,4.0,1,orthorhombic,0,119.3
Ca0.4Li0.25Nd0.2833La0.0333Ti1O3,1350,4.0,1,orthorhombic,0,121.3
Ca0.45Li0.125Nd0.225Dy0.1Ti1O3,1350,4.0,1,orthorhombic,0,121.3
Ca0.5Li0.2Nd0.2333La0.0333Ti1O3,1350,4.0,1,orthorhombic,0,123.0
Ca0.4Li0.15Nd0.15La0.1Nd0.1Ti1O3,1350,4.0,1,orthorhombic,0,117.0
Ba1Mg0.167Ta0.33Ti0.5O3,1550,4.0,1,perovskite,0,76.6
Pb0.4Ca0.6Mg0.3Nb0.6Sn0.1O3,1280,4.0,1,tetragonal,0,52.2
Ca0.8La0.1333Ti0.5Mg0.1667Nb0.3333O3,1490,4.0,1,perovskite,1,52.4
Ca1La4Ti5O17,1550,4.0,1,orthorhombic,0,53.7
Ca1Ti0.4Mg0.2Nb0.4O3,1450,4.0,1,perovskite,0,54.0
La0.5333Ti0.8Al0.2O3,1400,4.0,1,perovskite,0,54.0
Ba1Zn0.25Ti0.25Nb0.5O3,1400,4.0,1,cubic,0,54.8
Sm0.5Li0.5Ti1O3,1350,4.0,1,perovskite,0,55.0
Ca1Li0.1667Nb0.3333Ti0.5O3,1150,4.0,1,perovskite,0,55.0
Pb0.2Zr0.2Ca0.8Fe0.4Nb0.4O3,1250,4.0,1,orthorhombic,0,55.1
Ba4La2Ti3Nb2O18,1450,4.0,1,rhombohedral,0,55.1
Ca1Li0.1667Nb0.3333Ti0.5O3,1150,4.0,1,perovskite,0,55.2
Ca1La4Ti5O17,1500,4.0,1,orthorhombic,0,57.0
Ba5La1Ti2Nb3O15,1420,4.0,1,rhombohedral,0,57.3
Ca4.6Zn0.4Nb4Ti1O17,1260,4.0,1,perovskite,1,52.0
Ca0.7Ti0.7La0.3Ga0.3O3,1450,4.0,1,perovskite,0,52.0
Ca1Ti0.6Al0.2Ta0.2O3,1500,4.0,1,orthorhombic,0,52.0
Ba3La2Ti2Nb2O15,1460,4.0,1,hexagonal,0,49.8
Pb0.7Ca0.3La0.5Mg0.5Nb0.5O3,1350,4.0,1,cubic,0,50.0
La0.8333Mg0.25Ti0.75O3,1400,4.0,1,perovskite,0,50.0
Ca0.5La0.5Zn0.25Ti0.75O3,1550,4.0,1,orthorhombic,0,50.0
Ba2Sr3Nb4O15,1400,4.0,1,hexagonal,0,50.0
Ca1Zr0.6Ti0.4O3,1470,4.0,1,orthorhombic,0,50.0
Pb0.4Ca0.6Mg0.1667Nb0.3333Sn0.5O3,1280,4.0,1,tetragonal,0,57.4
La0.5333Ni0.2Ti1O3,1340,4.0,1,perovskite,0,50.7
Ca0.75Ti0.75Sm0.25Al0.25O3,1450,4.0,1,orthorhombic,0,51.0
Ba3Sr2Nb4O15,1400,4.0,1,hexagonal,0,51.0
Ca0.7La0.3Mg0.15Ti0.85O3,1500,4.0,1,orthorhombic,0,51.2
La0.66Ni0.01Ti1O3,1380,4.0,1,perovskite,0,51.4
La0.3Al0.3Sr0.7Ti0.7O3,1680,4.0,1,perovskite,0,52.0
Li0.5Sm0.5Ti1O3,1300,4.0,1,orthorhombic,0,52.0
Ba1Sm0.3Bi0.2Nb0.5O3,1300,4.0,1,perovskite,0,50.8
Pb0.4Ca0.6Fe0.475Nb0.475Sn0.05O3,1150,4.0,1,orthorhombic,0,78.0
La0.5667Ti0.85Al0.15O3,1375,4.0,1,orthorhombic,0,57.7
La0.6167Ni0.075Ti1O3,1340,4.0,1,perovskite,0,58.0
Ba1Ti0.4Ga0.3Nb0.3O3,1500,4.0,1,tetragonal,0,66.0
La0.6133Ti0.92Al0.08O3,1350,4.0,1,orthorhombic,0,66.9
Ca0.8Ti0.8Sm0.2Mg0.1Ti0.1O3,1550,4.0,1,perovskite,0,68.0
Ca1Ti0.6Mg0.1333Nb0.2667O3,1450,4.0,1,perovskite,0,68.0
Pb0.4Ca0.6Fe0.495Nb0.495Zr0.01O3,1150,4.0,1,perovskite,0,68.7
La0.6467Ni0.03Ti1O3,1375,4.0,1,perovskite,0,69.4
Pb0.4Ca0.6Fe0.45Nb0.45Sn0.1O3,1150,4.0,1,orthorhombic,0,70.3
La0.64Ti0.96Al0.04O3,1325,4.0,1,orthorhombic,0,71.9
Pb0.5Ca0.5Zr0.95Ti0.05O3,1350,4.0,1,rhombohedral,0,72.0
La0.64Ti0.96Al0.04O3,1325,4.0,1,perovskite,0,72.0
Pb0.5Ca0.5Zr1O3,1500,4.0,1,perovskite,0,74.0
Ca1Ti0.7Al0.15Ta0.15O3,1500,4.0,1,orthorhombic,0,65.4
Pb0.1Fe0.0667W0.0333Pb0.18Ca0.72Fe0.45Nb0.45O3,1000,4.0,1,perovskite,0,65.3
Pb0.4Ca0.6Mg0.255Nb0.255Sn0.01O3,1350,4.0,1,perovskite,0,65.0
La0.3Mg0.15Ti0.85Ca0.7O3,1500,4.0,1,orthorhombic,0,58.8
Ca1Zr0.5Ti0.5O3,1470,4.0,1,orthorhombic,0,59.0
La0.6333Ni0.05Ti1O3,1360,4.0,1,perovskite,0,59.6
Ba1Ti0.85Mn0.15O3,1400,4.0,1,perovskite,0,60.0
Ca1Ti0.4Mg0.2Ta0.4O3,1350,4.0,1,orthorhombic,0,60.2
Ba1Pr0.3Bi0.02Nb0.5O3,1300,4.0,1,perovskite,0,60.7
Ca2Ba3Ta2Ti1O12,1525,4.0,1,cubic,0,61.0
Ca1Ti0.6Mg0.1333Nb0.2667O3,1450,4.0,1,perovskite,0,62.9
Pb0.4Ca0.6Mg0.3233Nb0.6467Sn0.03O3,1280,4.0,1,tetragonal,0,63.0
La0.6Ti0.9Al0.1O3,1350,4.0,1,perovskite,0,63.0
La0.6533Ni0.02Ti1O3,1380,4.0,1,perovskite,0,63.3
Ba1Mg0.2W0.2Ti0.6O3,1500,4.0,1,hexagonal,0,63.9
Pb0.4Ca0.6Mg0.3367Nb0.6733Sn0.01O3,1280,4.0,1,tetragonal,0,64.7
La0.6Ti0.9Al0.1O3,1350,4.0,1,orthorhombic,0,62.6
Sr1La0.5Nb0.5O3,1575,4.0,1,perovskite,0,37.0
Ca1Li0.2667Nb0.5333Sn0.2O3,1150,4.0,1,perovskite,0,23.3
Ba1La0.5Ta0.5O3,1625,4.0,1,perovskite,0,37.0
Ba1Ti0.1Co0.45W0.45O3,1425,4.0,1,perovskite,0,24.0
Ba0.98Zn0.5W0.5O2.98,1250,4.0,1,cubic,0,24.0
Ba1Mg0.333Ta0.667O3,1640,4.0,1,trigonal,0,24.0
Ca1Pr0.5Ta0.5O3,1600,4.0,1,monoclinic,0,24.0
Ba1Mg0.283Ta0.567Sn0.15O3,1640,4.0,1,hexagonal,0,24.0
Ba1Ti0.5Ni0.25W0.25O3,1425,4.0,1,perovskite,0,24.2
Ba1Hf1O3,1750,4.0,1,cubic,0,24.2
Ba1Mg0.33Ta0.63Ti0.017W0.017O3,1600,4.0,1,hexagonal,0,24.5
Ba0.9925Mg0.33Ta0.67O3,1600,4.0,1,hexagonal,0,24.7
Ba1Mg0.33Ta0.53Ti0.067W0.067O3,1590,4.0,1,perovskite,0,23.6
Sr1Hf1O3,1750,4.0,1,orthorhombic,0,23.5
Ca1Li0.2333Nb0.4667Sn0.3O3,1150,4.0,1,orthorhombic,0,22.6
Ba0.99Zn0.5W0.5O2.99,1250,4.0,1,cubic,0,23.0
Ca1La0.5Ta0.5O3,1600,4.0,1,monoclinic,0,23.0
Nd1Mg0.5Ti0.5O3,1650,4.0,1,perovskite,0,23.0
Ca0.07Mg0.93Ti1O3,1150,4.0,1,perovskite,1,23.0
La1Al1O3,1650,4.0,1,rhombohedral,0,23.4
Ba1Zn0.1667Co0.1667Ta0.2222Nb0.2222Sb0.2222O3,1575,4.0,1,perovskite,0,24.9
Ba1Co0.3333Ta0.6667O3,1500,4.0,1,hexagonal,0,25.0
Ca1Er0.5Ta0.5O3,1600,4.0,1,monoclinic,0,26.4
Ba1Ti0.3Zn0.35W0.35O3,1420,4.0,1,perovskite,0,26.4
Ba1Ti0.55Ni0.225W0.225O3,1425,4.0,1,perovskite,0,26.5
Ca1Eu0.5Ta0.5O3,1600,4.0,1,monoclinic,0,26.8
Ca1Y0.5Ta0.5O3,1600,4.0,1,monoclinic,0,27.0
Ca0.6Ba0.4Y0.5Ta0.5O3,1600,4.0,1,perovskite,0,27.0
Ba5Nb2Ta2O15,1475,4.0,1,hexagonal,0,27.0
Ba1Mg0.1333Zn0.2Ta0.6667O3,1600,4.0,1,hexagonal,0,27.0
Ca1Zr1O3,1515,4.0,1,orthorhombic,0,27.0
Ba1Mg0.3Ta0.6Ti0.1O3,1600,4.0,1,trigonal,0,26.3
Ca1Yb0.5Ta0.5O3,1600,4.0,1,monoclinic,0,25.8
Sr2Al1Nb1O6,1600,4.0,1,perovskite,0,25.0
Sm1Mg0.5Ti0.5O3,1650,4.0,1,orthorhombic,0,25.0
Nd1Al1O3,1650,4.0,1,rhombohedral,0,22.3
Ca1Li0.3Nb0.6Sn0.1O3,1150,4.0,1,perovskite,0,25.2
Ba1Ti0.5Zn0.25W0.25O3,1420,4.0,1,cubic,0,25.4
Ba5Nb3Ta1O15,1500,4.0,1,hexagonal,0,25.7
Ca1Sm0.5Ta0.5O3,1600,4.0,1,monoclinic,0,25.8
Ba1Mg0.3183Ta0.67O3,1600,4.0,1,hexagonal,0,25.1
Ba1Yb0.5Ta0.5O3,1700,4.0,1,cubic,0,22.1
Ba1Mg0.5W0.5O3,1550,4.0,1,cubic,0,17.0
Ba1Mg0.34W0.35Ti0.31O3,1500,4.0,1,hexagonal,0,17.1
Ba1Ni0.5W0.5O3,1450,4.0,1,cubic,0,17.1
Ba1Mg0.33Ta0.13Ti0.267W0.267O3,1560,4.0,1,hexagonal,0,17.4
Dy1Al1O3,1650,4.0,1,orthorhombic,0,17.6
Ba1Ni0.5W0.5O3,1450,4.0,1,cubic,0,18.1
Sr1Ni0.5W0.5O3,1570,4.0,1,cubic,0,18.3
Gd1Al1O3,1650,4.0,1,orthorhombic,0,18.4
Sr2Al1Nb1O6,1550,4.0,1,perovskite,0,19.0
Ba1.2Sr0.8Sm1Sb1O6,1500,4.0,1,perovskite,0,19.0
Ba1Zn0.5W0.5O3,1250,4.0,1,cubic,0,19.0
Nd1Mg0.47Ba0.03Sn0.5O3,1600,4.0,1,cubic,0,19.1
Ba1Mg0.33W0.35Ti0.32O3,1500,4.0,1,hexagonal,0,16.3
Er1Al1O3,1650,4.0,1,orthorhombic,0,16.3
Pb0.6Ca0.4Fe0.45Nb0.45Sn0.1O3,1150,4.0,1,cubic,0,142.6
Ba1Mg0.335W0.335Ti0.33O3,1500,4.0,1,perovskite,0,13.1
Ba1Ti0.39Co0.305W0.305O3,1400,4.0,1,perovskite,0,14.0
Ba1Mg0.35W0.33Ti0.32O3,1500,4.0,1,hexagonal,0,14.4
Nd1Mg0.45Co0.05Sn0.5O3,1550,4.0,1,perovskite,0,19.2
Ba1Mg0.34W0.32Ti0.34O3,1500,4.0,1,hexagonal,0,14.4
Ba1Mg0.34W0.33Ti0.33O3,1500,4.0,1,hexagonal,0,15.1
Ba1Mg0.35W0.34Ti0.31O3,1500,4.0,1,hexagonal,0,15.4
Ba1Mg0.33W0.33Ti0.33O3,1550,4.0,1,hexagonal,0,15.4
Ba1Mg0.33W0.34Ti0.33O3,1500,4.0,1,hexagonal,0,15.6
Y1Al1O3,1650,4.0,1,hexagonal,0,15.7
Sr2Sm1Sb1O6,1550,4.0,1,perovskite,0,16.0
Ba1Mg0.34W0.32Ti0.34O3,1500,4.0,1,hexagonal,0,14.5
Ba0.5Sr0.5Zn0.1667Co0.1667Ta0.2222Nb0.2222Sb0.2222O3,1550,4.0,1,perovskite,0,27.0
Ca1La0.5Ta0.5O3,1500,4.0,1,monoclinic,0,19.5
Ba2Sm1Sb1O6,1500,4.0,1,cubic,0,20.7
Sr0.985La0.01Mg0.5W0.5O3,1550,4.0,1,tetragonal,0,20.7
Ba2Mg0.9Ca0.1W1O6,1500,4.0,1,cubic,0,20.8
Ca1Sm0.5Nb0.5O3,1500,4.0,1,perovskite,0,20.9
Ba0.95Zn0.5W0.5O2.95,1250,4.0,1,cubic,0,21.0
Nd1Mg0.5Sn0.4Ti0.1O3,1550,4.0,1,perovskite,0,21.1
Ba1Ti0.4Zn0.3W0.3O3,1420,4.0,1,hexagonal,0,21.2
Ca1Yb0.5Ta0.5O3,1500,4.0,1,perovskite,0,21.2
Sr1Co0.5W0.5O3,1450,4.0,1,cubic,0,21.2
Ca1Hf1O3,1750,4.0,1,orthorhombic,0,21.4
Ba1Ti0.45Ni0.275W0.275O3,1425,4.0,1,perovskite,0,21.6
Ca1La0.5Nb0.5O3,1500,4.0,1,perovskite,0,20.6
Nd1Mg0.43Ca0.07Sn0.5O3,1550,4.0,1,perovskite,0,19.5
Ca1Sm0.5Ta0.5O3,1500,4.0,1,perovskite,0,19.6
Ba1Mg0.33Ta0.33Ti0.167W0.167O3,1580,4.0,1,rhombohedral,0,19.7
Ba1Co0.5W0.5O3,1390,4.0,1,cubic,0,19.3
Ba1Mg0.46W0.46Ti0.08O3,1500,4.0,1,cubic,0,20.0
Ba1Mg0.333Ta0.567W0.05Ti0.05O3,1550,4.0,1,rhombohedral,0,20.0
Ba1Ti0.4Ni0.3W0.3O3,1425,4.0,1,hexagonal,0,20.0
Ba1Mg0.49Y0.006667W0.496667O3,1575,4.0,1,cubic,0,20.0
Ba0.97La0.02Mg0.5W0.5O3,1450,4.0,1,cubic,0,20.0
Ba1La0.5Ta0.5O3,1450,4.0,1,cubic,0,27.1
Sr1La0.5Ta0.5O3,1500,4.0,1,cubic,0,27.1
Sr1Nd0.5Ta0.5O3,1500,4.0,1,cubic,0,27.1
Ba1Ho0.5Ta0.5O3,1625,4.0,1,tetragonal,0,33.5
Ba8Zn1Nb5.4Sb0.6O24,1425,4.0,1,perovskite,0,33.6
Ba0.99Co0.2333Zn0.1Nb0.6667O3,1450,4.0,1,hexagonal,0,33.7
Ba2Sr3Ta4O15,1600,4.0,1,hexagonal,0,33.7
Sr0.35Ba0.65Y0.5Nb0.5O3,1600,4.0,1,perovskite,0,33.8
Ba0.99La0.0067Co0.2333Zn0.1Nb0.6667O3,1425,4.0,1,perovskite,0,34.0
Ba10Ta7.52Ti0.48O30,1400,4.0,1,hexagonal,0,34.0
Ca0.5Sm0.5Mg0.25Ti0.75O3,1550,4.0,1,perovskite,0,34.0
Sr1Gd0.5Nb0.5O3,1575,4.0,1,perovskite,0,34.0
Ba3Sr2Ta4O15,1575,4.0,1,hexagonal,0,33.2
Sr0.5La0.5Ti0.5Al0.5O3,1550,4.0,1,cubic,1,33.0
Li0.774Zr0.057Nb1O3,1150,4.0,1,orthorhombic,0,33.0
Ba1Yb0.5Ta0.5O3,1625,4.0,1,perovskite,0,32.0
Ca1Er0.5Nb0.5O3,1550,4.0,1,perovskite,0,32.0
Sr1Nd0.5Ta0.5O3,1600,4.0,1,perovskite,0,32.0
Sr1Ho0.5Nb0.5O3,1600,4.0,1,perovskite,0,32.0
Sr1Y0.5Nb0.5O3,1600,4.0,1,perovskite,0,32.0
Ba1Co0.33Nb0.665Y0.005O3,1380,4.0,1,perovskite,0,34.0
Sr1Er0.5Nb0.5O3,1575,4.0,1,perovskite,0,32.0
Ba1Sn0.226Zn0.258Nb0.516O3,1500,4.0,1,cubic,0,32.0
Ba5Nb3Ta1O15,1435,4.0,1,hexagonal,0,32.2
Ba6Nb4Zr1O18,1625,4.0,1,rhombohedral,0,32.4
Sr0.05Ba0.95Y0.5Ta0.5O3,1600,4.0,1,perovskite,0,32.5
Ba1Ti0.1Zn0.45W0.45O3,1380,4.0,1,cubic,0,33.0
Ba0.95Sr0.05Y0.5Ta0.5O3,1600,4.0,1,perovskite,0,33.0
Ba0.95Ca0.05Yb0.475Y0.025Nb0.5O3,1600,4.0,1,perovskite,0,34.0
Ba1Yb0.5Nb0.5O3,1600,4.0,1,perovskite,0,36.0
Ba1Tb0.5Ta0.5O3,1625,4.0,1,tetragonal,0,36.0
Pb0.2Ca1.1333Nb0.6667O3,1350,4.0,1,perovskite,0,36.0
Ba1Zn0.3333Nb0.6667O3,1400,4.0,1,hexagonal,0,36.0
Sr1Sm0.5Nb0.5O3,1575,4.0,1,perovskite,0,36.0
Ca4Ni1Nb2Ti1O12,1550,4.0,1,orthorhombic,0,36.0
Ca4.88Co0.12Ta2Ti1O12,1625,4.0,1,orthorhombic,0,36.0
Ba8Ta4.32Ti2.6O24,1400,4.0,1,hexagonal,0,36.0
Sr3La1Nb3O12,1430,4.0,1,hexagonal,0,36.0
La6Mg1Ti4O18,1625,4.0,1,perovskite,0,36.3
Sr0.05Ba0.95Y0.5Nb0.5O3,1600,4.0,1,perovskite,0,36.3
Ba1Nd0.5Ta0.5O3,1500,4.0,1,perovskite,0,36.0
La0.5Sr0.5Al0.5Ti0.5O3,1680,4.0,1,perovskite,0,35.9
Ba1Zn0.0833Mg0.25Nb0.6667O3,1500,4.0,1,hexagonal,0,34.0
Ba2Sr1Y1Nb3O12,1450,4.0,1,rhombohedral,0,34.1
La0.8333Ti0.5Al0.5O3,1425,4.0,1,orthorhombic,0,34.4
Ba1Co0.2333Zn0.1Nb0.6667O3,1400,4.0,1,hexagonal,0,34.5
Ba1Sr2Y1Nb3O12,1450,4.0,1,rhombohedral,0,34.7
Sr1Tb0.5Nb0.5O3,1575,4.0,1,perovskite,0,34.0
Ba10Ta7.04Ti1.2O30,1400,4.0,1,hexagonal,0,35.0
Sr1Cr0.5Nb0.5O3,1600,4.0,1,cubic,0,35.0
Ba1Ni0.1167Zn0.2167Nb0.6667O3,1450,4.0,1,hexagonal,0,35.0
Ca4.75Ni0.25Ta2Ti1O12,1625,4.0,1,perovskite,0,35.0
Ba2Sr3Ta4O15,1575,4.0,1,hexagonal,0,35.2
cCa0.05Ba0.95Y0.5Nb0.5O3,1550,4.0,1,perovskite,0,35.2
Ba1Zn0.2Co0.1333Nb0.6667O3,1450,4.0,1,perovskite,0,35.5
Ba1Eu0.5Ta0.5O3,1625,4.0,1,perovskite,0,37.0
Ba1Ni0.3Nb0.6Zr0.1O3,1650,4.0,1,perovskite,0,31.8
Ba1Sr4Ta4O15,1600,4.0,1,hexagonal,0,31.7
La5Al1Ti3O15,1600,4.0,1,hexagonal,0,28.1
Ba1Zn0.5W0.5O3,1340,4.0,1,cubic,0,28.1
Ca1Ho0.5Ta0.5O3,1600,4.0,1,monoclinic,0,28.2
La1Mg0.5Ti0.5O3,1650,4.0,1,monoclinic,0,29.0
Ba0.95Sr0.05Zn0.475Ga0.025Ta0.6583O3,1550,4.0,1,perovskite,0,29.0
Ba1Zr0.0215Zn0.272Ni0.0542Ta0.6523O3,1510,4.0,1,hexagonal,0,29.0
Sr1Tb0.5Ta0.5O3,1600,4.0,1,perovskite,0,29.0
Ba1Hf1O3,1750,4.0,1,cubic,0,29.1
Ca1Li0.3333Nb0.6667O3,1150,4.0,1,perovskite,0,29.6
Sr1Nd0.5Nb0.5O3,1500,4.0,1,perovskite,0,29.7
Ba1Ti0.6Ni0.2W0.2O3,1425,4.0,1,hexagonal,0,29.8
Ba5Ta4O15,1550,4.0,1,hexagonal,0,28.0
Pr1Mg0.5Ti0.5O3,1650,4.0,1,perovskite,0,28.0
Sr1Y0.5Ta0.5O3,1600,4.0,1,monoclinic,0,28.0
Sr1Ho0.5Ta0.5O3,1600,4.0,1,perovskite,0,28.0
Ca1Gd0.5Ta0.5O3,1600,4.0,1,monoclinic,0,27.2
Sr1La0.5Nb0.5O3,1500,4.0,1,cubic,0,27.5
La1Mg0.5Ti0.5O3,1600,4.0,1,monoclinic,0,27.6
Sr1Sm0.5Ta0.5O3,1500,4.0,1,perovskite,0,27.7
Ba1Mg0.1333Zn0.2Ta0.6667O3,1575,4.0,1,hexagonal,0,27.7
Nd1Mg0.5Ti0.5O3,1650,4.0,1,monoclinic,0,28.0
Ca1Li0.3167Nb0.6333Zr0.05O3,1150,4.0,1,orthorhombic,0,29.9
Ba1Tb0.5Ta0.5O3,1625,4.0,1,perovskite,0,28.0
Ba1Zn0.3333Ta0.6667O3,1350,4.0,1,hexagonal,0,28.0
Ca0.6Ba0.4Yb0.5Ta0.5O3,1600,4.0,1,perovskite,0,28.0
Ba1Zr0.0215Ni0.0542Zn0.272Ta0.6523O3,1520,4.0,1,hexagonal,0,28.0
Ca1Ho0.5Ta0.5O3,1600,4.0,1,monoclinic,0,28.0
Sr1Dy0.5Ta0.5O3,1600,4.0,1,perovskite,0,28.0
Ca1Zr0.8Ti0.2O3,1470,4.0,1,cubic,0,28.0
Sr1Sm0.5Nb0.5O3,1500,4.0,1,monoclinic,0,31.8
Ca1Dy0.5Ta0.5O3,1600,4.0,1,monoclinic,0,30.0
La1Co0.5Ti0.5O3,1440,4.0,1,orthorhombic,0,30.0
Sr1Al0.5Nb0.5O3,1600,4.0,1,perovskite,0,31.0
Sr1Yb0.5Nb0.5O3,1600,4.0,1,perovskite,0,31.0
Ca0.4Sm0.6Mg0.3Ti0.7O3,1550,4.0,1,perovskite,0,31.0
Ca4Mg1Ta2Ti1O12,1625,4.0,1,perovskite,0,31.0
Ca4Ni1Ta2Ti1O12,1625,4.0,1,orthorhombic,0,31.0
Ba1Ni0.3333Nb0.6667O3,1400,4.0,1,cubic,0,31.0
Ba1Mg0.3333Nb0.6667O3,1350,4.0,1,hexagonal,0,31.0
Ba4Sr1Ta4O15,1575,4.0,1,hexagonal,0,31.1
Ca1Li0.2333Nb0.4667Zr0.3O3,1150,4.0,1,orthorhombic,0,31.1
Ba1Mg0.25W0.25Ti0.5O3,1500,4.0,1,hexagonal,0,31.2
Ba1Zn0.5W0.5O3,1420,4.0,1,cubic,0,31.4
Ba1Zn0.3Ta0.6Ti0.4O3.6,1320,4.0,1,hexagonal,1,31.5
Sr1Sm0.5Ta0.5O3,1600,4.0,1,perovskite,0,31.0
Sr1La0.5Ta0.5O3,1600,4.0,1,perovskite,0,31.0
Ba0.9875Sr0.0125Zn0.475Ga0.025Ta0.6583O3,1600,4.0,1,perovskite,0,31.0
Ba0.9875Sr0.0125Zn0.3167Ga0.025Ta0.6583O3,1500,4.0,1,perovskite,0,31.0
Ca1Li0.2857Nb0.5715W0.1428O3,1150,4.0,1,perovskite,0,30.0
Ba5Ta4O15,1550,4.0,1,hexagonal,0,30.0
Ba1Zr0.03Ni0.0417Zn0.2817Ta0.6467O3,1520,4.0,1,hexagonal,0,30.0
Ba1Zr0.05Zn0.32Ta0.63O3,1500,4.0,1,hexagonal,0,30.0
Sr1Li0.3078Nb0.4613W0.231O3,1450,4.0,1,perovskite,0,30.0
Ba1Yb0.5Nb0.5O3,1700,4.0,1,orthorhombic,0,30.0
Ca1Li0.3Nb0.6Zr0.1O3,1150,4.0,1,orthorhombic,0,30.1
Ba8Zn1Ta6O24,1400,4.0,1,hexagonal,0,30.5
Sr1Li0.3889Nb0.5W0.2O3,1450,4.0,1,monoclinic,0,31.0
Sr0.15Ba0.85Yb0.5Ta0.5O3,1600,4.0,1,perovskite,0,31.0
Sr0.625Ce0.25Ti1O3,1375,4.0,1,cubic,1,143.0
